id	name	status	sources	firstSeen	lastSeen	reason
440	Team Fortress 2	pending	双人合作、在线合作、欢乐游戏	2026-10-06	2026-10-06	
500	Left 4 Dead	pending	轻恐怖合作	2026-10-06	2026-10-06	
550	Left 4 Dead 2	pending	双人合作、合作射击、在线合作、本地合作、热销游戏、热门新品、轻恐怖合作	2026-10-06	2026-10-06	需补充两名真人与机器人完成战役的官方依据，并降低双人适配度。
570	Dota 2	pending	双人合作、在线合作、热销游戏、热门新品	2026-10-06	2026-10-06	
620	Portal 2	included	人工核验、双人合作、双人解谜	2026-10-06	2026-10-06	
730	Counter-Strike 2	pending	双人合作、在线合作、热销游戏、热门新品	2026-10-06	2026-10-06	
4000	Garry's Mod	pending	在线合作、欢乐游戏	2026-10-06	2026-10-06	
10090	Call of Duty: World at War	pending	轻恐怖合作	2026-10-06	2026-10-06	
12210	Grand Theft Auto IV: The Complete Edition	pending	欢乐游戏	2026-10-06	2026-10-06	
21690	Resident Evil 5	pending	本地合作、轻恐怖合作	2026-10-06	2026-10-06	
35700	Trine Enchanted Edition	pending	双人解谜	2026-10-06	2026-10-06	
35720	Trine 2: Complete Story	pending	双人解谜	2026-10-06	2026-10-06	
42700	Call of Duty®: Black Ops	pending	轻恐怖合作	2026-10-06	2026-10-06	
49520	Borderlands 2	pending	双人合作	2026-10-06	2026-10-06	
94400	Nidhogg	pending	双人对抗	2026-10-06	2026-10-06	
95400	ibb & obb	pending	双人解谜	2026-10-06	2026-10-06	
105600	Terraria	pending	双人合作、在线合作、热销游戏、热门新品	2026-10-06	2026-10-06	
108600	Project Zomboid	pending	热销游戏、热门新品	2026-10-06	2026-10-06	
200710	Torchlight II	pending	双人合作	2026-10-06	2026-10-06	
204360	Castle Crashers®	pending	本地合作、欢乐游戏	2026-10-06	2026-10-06	
214950	Total War: ROME II - Emperor Edition	pending	双人合作	2026-10-06	2026-10-06	
218620	PAYDAY 2	pending	双人合作、欢乐游戏	2026-10-06	2026-10-06	
221040	Resident Evil 6	pending	本地合作、轻恐怖合作	2026-10-06	2026-10-06	
221100	DayZ	pending	轻恐怖合作	2026-10-06	2026-10-06	
227300	Euro Truck Simulator 2	pending	热销游戏、热门新品	2026-10-06	2026-10-06	
230410	Warframe	pending	在线合作、热销游戏、热门新品	2026-10-06	2026-10-06	
231430	Company of Heroes 2	pending	双人合作	2026-10-06	2026-10-06	
232090	Killing Floor 2	pending	双人合作、轻恐怖合作	2026-10-06	2026-10-06	
233450	Prison Architect	pending	欢乐游戏	2026-10-06	2026-10-06	
236430	DARK SOULS™ II	pending	双人合作	2026-10-06	2026-10-06	
238320	Outlast	pending	轻恐怖合作	2026-10-06	2026-10-06	
238460	BattleBlock Theater	included	人工核验、双人解谜、本地合作	2026-10-06	2026-10-06	
239140	Dying Light	pending	在线合作	2026-10-06	2026-10-06	
247970	Korea. IL-2 Series	pending	双人合作	2026-10-06	2026-10-06	
249130	LEGO® Marvel™ Super Heroes	pending	双人解谜、本地合作	2026-10-06	2026-10-06	
250900	The Binding of Isaac: Rebirth	pending	双人合作、本地合作、轻恐怖合作	2026-10-06	2026-10-06	
251570	7 Days to Die	pending	在线合作	2026-10-06	2026-10-06	
252490	Rust	pending	在线合作	2026-10-06	2026-10-06	
261550	Mount & Blade II: Bannerlord	pending	热销游戏、热门新品	2026-10-06	2026-10-06	
264710	Subnautica	pending	热销游戏、热门新品	2026-10-06	2026-10-06	
268910	Cuphead	pending	双人合作、本地合作、欢乐游戏	2026-10-06	2026-10-06	
269210	Hero Siege	pending	本地合作	2026-10-06	2026-10-06	
270880	American Truck Simulator	pending	热门新品	2026-10-06	2026-10-06	
274190	Broforce	pending	本地合作	2026-10-06	2026-10-06	
275850	No Man's Sky	pending	热门新品	2026-10-06	2026-10-06	
278080	DYNASTY WARRIORS 8: Xtreme Legends Complete Edition	pending	本地合作	2026-10-06	2026-10-06	
281990	Stellaris	pending	热销游戏、热门新品	2026-10-06	2026-10-06	
282800	100% Orange Juice	pending	欢乐游戏	2026-10-06	2026-10-06	需核对双人房间是否必须由机器人补齐四席。
284160	BeamNG.drive	pending	欢乐游戏	2026-10-06	2026-10-06	
285900	Gang Beasts	pending	双人对抗、本地合作	2026-10-06	2026-10-06	
286160	Tabletop Simulator	pending	在线合作、欢乐游戏	2026-10-06	2026-10-06	
287290	Resident Evil Revelations 2	pending	轻恐怖合作	2026-10-06	2026-10-06	
289070	Sid Meier’s Civilization® VI	pending	双人合作、在线合作、热销游戏、热门新品	2026-10-06	2026-10-06	
291550	Brawlhalla	pending	双人对抗、本地合作	2026-10-06	2026-10-06	需补核私人一对一房间玩法，避免把公开排名模式当作两名朋友互相对战证据。
292000	No More Room in Hell 2	pending	双人合作、在线合作、轻恐怖合作	2026-10-06	2026-10-06	
292030	The Witcher 3: Wild Hunt — Remastered	pending	热门新品	2026-10-06	2026-10-06	
294100	RimWorld	pending	热销游戏、热门新品	2026-10-06	2026-10-06	
300380	Road Redemption	pending	双人对抗	2026-10-06	2026-10-06	
304240	Resident Evil	pending	双人解谜、轻恐怖合作	2026-10-06	2026-10-06	
305620	The Long Dark	pending	轻恐怖合作	2026-10-06	2026-10-06	
311560	Assassin’s Creed® Rogue	pending	双人解谜	2026-10-06	2026-10-06	
311690	Enter the Gungeon	pending	本地合作	2026-10-06	2026-10-06	
311730	DEAD OR ALIVE 5 Last Round: Core Fighters	pending	双人对抗	2026-10-06	2026-10-06	
313690	LEGO® Batman™ 3: Beyond Gotham	pending	双人解谜	2026-10-06	2026-10-06	
320430	Ascension: Deckbuilding Game	pending	双人对抗	2026-10-06	2026-10-06	
322330	Don't Starve Together	pending	双人合作、在线合作、欢乐游戏、热销游戏、热门新品、轻恐怖合作	2026-10-06	2026-10-06	
332570	Amazing Frog?	pending	双人对抗	2026-10-06	2026-10-06	
335300	DARK SOULS™ II: Scholar of the First Sin	pending	双人合作	2026-10-06	2026-10-06	
337320	Paint the Town Red	pending	欢乐游戏	2026-10-06	2026-10-06	
341800	Keep Talking and Nobody Explodes	included	人工核验、双人解谜、本地合作	2026-10-06	2026-10-06	
349040	NARUTO SHIPPUDEN: Ultimate Ninja STORM 4	pending	本地合作	2026-10-06	2026-10-06	
352400	LEGO® Jurassic World	pending	双人解谜	2026-10-06	2026-10-06	
359550	Tom Clancy's Rainbow Six Siege	pending	在线合作	2026-10-06	2026-10-06	
368500	Assassin's Creed® Syndicate	pending	欢乐游戏	2026-10-06	2026-10-06	
373420	Divinity: Original Sin - Enhanced Edition	pending	本地合作	2026-10-06	2026-10-06	
374320	DARK SOULS™ III	pending	热销游戏、热门新品	2026-10-06	2026-10-06	
375480	Chronicon	pending	本地合作	2026-10-06	2026-10-06	
376210	The Isle	pending	轻恐怖合作	2026-10-06	2026-10-06	
379720	DOOM	pending	轻恐怖合作	2026-10-06	2026-10-06	
381210	Dead by Daylight	pending	在线合作、热销游戏、热门新品、轻恐怖合作	2026-10-06	2026-10-06	
386940	Ultimate Chicken Horse	pending	双人对抗、在线合作、本地合作、欢乐游戏	2026-10-06	2026-10-06	
387990	Scrap Mechanic	pending	欢乐游戏	2026-10-06	2026-10-06	
393380	Squad	pending	在线合作	2026-10-06	2026-10-06	
394510	HELLDIVERS™ Dive Harder Edition	pending	本地合作	2026-10-06	2026-10-06	
400750	Call to Arms - Gates of Hell: Ostfront	pending	在线合作	2026-10-06	2026-10-06	
405310	LEGO® MARVEL's Avengers	pending	双人解谜、本地合作、欢乐游戏	2026-10-06	2026-10-06	
410900	Forts	pending	欢乐游戏	2026-10-06	2026-10-06	
413150	Stardew Valley	pending	热销游戏、热门新品	2026-10-06	2026-10-06	
414700	Outlast 2	pending	双人合作、轻恐怖合作	2026-10-06	2026-10-06	
427730	Who's Your Daddy?!	pending	欢乐游戏	2026-10-06	2026-10-06	
431240	Golf With Your Friends	pending	双人对抗	2026-10-06	2026-10-06	
434650	Lost Castle / 失落城堡	pending	双人对抗	2026-10-06	2026-10-06	
435150	Divinity: Original Sin 2 - Definitive Edition	pending	本地合作	2026-10-06	2026-10-06	
437920	Tricky Towers	pending	双人对抗	2026-10-06	2026-10-06	
438100	VRChat	pending	欢乐游戏	2026-10-06	2026-10-06	
447040	Watch_Dogs® 2	pending	双人合作、欢乐游戏、热销游戏、热门新品	2026-10-06	2026-10-06	
448510	Overcooked	pending	双人对抗、本地合作、欢乐游戏	2026-10-06	2026-10-06	
454650	DRAGON BALL XENOVERSE 2	pending	双人合作	2026-10-06	2026-10-06	
460920	Steep™	pending	热销游戏	2026-10-06	2026-10-06	
460930	Tom Clancy's Ghost Recon® Wildlands	pending	在线合作	2026-10-06	2026-10-06	
469820	Genital Jousting	pending	本地合作、欢乐游戏	2026-10-06	2026-10-06	
470220	UNO	pending	双人对抗	2026-10-06	2026-10-06	
476600	Call of Duty®: WWII	pending	轻恐怖合作	2026-10-06	2026-10-06	
477160	Human Fall Flat	pending	双人解谜、本地合作、欢乐游戏、热销游戏、热门新品	2026-10-06	2026-10-06	
489830	The Elder Scrolls V: Skyrim Special Edition	pending	热销游戏、热门新品	2026-10-06	2026-10-06	
493520	GTFO	pending	轻恐怖合作	2026-10-06	2026-10-06	
495420	State of Decay 2: Juggernaut Edition	pending	双人合作、轻恐怖合作	2026-10-06	2026-10-06	
512900	Streets of Rogue	pending	本地合作	2026-10-06	2026-10-06	
513710	SCUM	pending	在线合作	2026-10-06	2026-10-06	
518790	theHunter: Call of the Wild™	pending	在线合作、热门新品	2026-10-06	2026-10-06	
527230	For The King	pending	本地合作	2026-10-06	2026-10-06	
534380	Dying Light 2 Stay Human: Reloaded Edition	pending	双人合作、轻恐怖合作	2026-10-06	2026-10-06	
535930	Two Point Hospital	pending	欢乐游戏	2026-10-06	2026-10-06	
548430	Deep Rock Galactic	included	人工核验、轻恐怖合作	2026-10-06	2026-10-06	
552500	Warhammer: Vermintide 2	pending	双人合作	2026-10-06	2026-10-06	
552990	World of Warships	pending	在线合作	2026-10-06	2026-10-06	
553640	ICEY	pending	热销游戏	2026-10-06	2026-10-06	
553850	HELLDIVERS™ 2	pending	双人合作、在线合作、热销游戏、热门新品	2026-10-06	2026-10-06	
568220	Lobotomy Corporation | Monster Management Simulation	pending	热销游戏	2026-10-06	2026-10-06	
572890	Pikuniku	pending	双人解谜、本地合作	2026-10-06	2026-10-06	
578080	PUBG: BATTLEGROUNDS	pending	双人合作、在线合作、热销游戏、热门新品	2026-10-06	2026-10-06	
582010	Monster Hunter: World	included	人工核验、双人合作、热销游戏、热门新品	2026-10-06	2026-10-06	
582500	We Were Here	included	人工核验	2026-10-06	2026-10-06	
594570	Total War: WARHAMMER II	pending	双人合作	2026-10-06	2026-10-06	
594650	Hunt: Showdown 1896	pending	在线合作、热销游戏、热门新品、轻恐怖合作	2026-10-06	2026-10-06	
597170	Clone Drone in the Danger Zone	pending	欢乐游戏	2026-10-06	2026-10-06	
602960	Barotrauma	pending	轻恐怖合作	2026-10-06	2026-10-06	
617290	Remnant: From the Ashes	pending	轻恐怖合作	2026-10-06	2026-10-06	
618140	Barro	pending	双人对抗	2026-10-06	2026-10-06	
627270	Injustice™ 2	pending	双人对抗	2026-10-06	2026-10-06	
632360	Risk of Rain 2	pending	双人合作、在线合作	2026-10-06	2026-10-06	
641990	The Escapists 2	pending	双人合作、双人解谜、本地合作、欢乐游戏	2026-10-06	2026-10-06	
647830	LEGO® Marvel Super Heroes 2	pending	双人解谜、本地合作	2026-10-06	2026-10-06	
648800	Raft	pending	在线合作、热销游戏、热门新品、生存合作	2026-10-06	2026-10-06	需补充明确的双人开局人数与完整主线依据。
673750	Super Bunny Man	pending	双人对抗、在线合作、本地合作、欢乐游戏	2026-10-06	2026-10-06	
674940	Stick Fight: The Game	included	人工核验、双人对抗、本地合作、欢乐游戏	2026-10-06	2026-10-06	
677160	We Were Here Too	included	人工核验、双人解谜	2026-10-06	2026-10-06	
678950	DRAGON BALL FighterZ	pending	双人对抗	2026-10-06	2026-10-06	
690640	Trine 4: The Nightmare Prince	pending	双人解谜、本地合作	2026-10-06	2026-10-06	
694280	Zombie Army 4: Dead War	pending	轻恐怖合作	2026-10-06	2026-10-06	
699130	World War Z	pending	在线合作、轻恐怖合作	2026-10-06	2026-10-06	
701160	Kingdom Two Crowns	pending	双人合作、在线合作、热销游戏、热门新品	2026-10-06	2026-10-06	
710920	Darksiders Genesis	pending	双人解谜	2026-10-06	2026-10-06	
728880	Overcooked! 2	included	人工核验、双人合作、在线合作、本地合作、欢乐游戏、热销游戏、热门新品	2026-10-06	2026-10-06	
739630	Phasmophobia	pending	在线合作、轻恐怖合作	2026-10-06	2026-10-06	需补核私人双人开局、地图难度及语音要求，官方描述最多四人不能单独作为双人核验结论。
760640	Tennis Elbow 4	pending	双人对抗	2026-10-06	2026-10-06	
774181	Rhythm Doctor	pending	本地合作	2026-10-06	2026-10-06	
774791	Surgeon Simulator 2	pending	双人解谜	2026-10-06	2026-10-06	
790740	Tick Tock: A Tale for Two	included	人工核验、双人合作、双人解谜	2026-10-06	2026-10-06	
794800	Clue/Cluedo: Classic Edition	pending	双人对抗	2026-10-06	2026-10-06	
809880	Degrees of Separation	pending	双人解谜	2026-10-06	2026-10-06	
813780	Age of Empires II: Definitive Edition	pending	双人合作	2026-10-06	2026-10-06	
814380	Sekiro™: Shadows Die Twice - GOTY Edition	pending	热销游戏、热门新品	2026-10-06	2026-10-06	
815370	Green Hell	pending	在线合作	2026-10-06	2026-10-06	
831560	WARRIORS OROCHI 4	pending	本地合作	2026-10-06	2026-10-06	
837470	Untitled Goose Game	pending	双人解谜、本地合作、欢乐游戏	2026-10-06	2026-10-06	
850190	Goat Simulator 3	pending	本地合作、欢乐游戏	2026-10-06	2026-10-06	
850320	PHOGS!	pending	双人解谜	2026-10-06	2026-10-06	
859570	Secret Neighbor: Hello Neighbor Multiplayer	pending	双人解谜	2026-10-06	2026-10-06	
860510	Little Nightmares II	pending	双人合作、双人解谜、轻恐怖合作	2026-10-06	2026-10-06	
865360	We Were Here Together	included	人工核验、双人解谜、轻恐怖合作	2026-10-06	2026-10-06	
872670	SCP: 5K	pending	轻恐怖合作	2026-10-06	2026-10-06	
880940	Pummel Party	pending	在线合作、本地合作、欢乐游戏、热销游戏、热门新品	2026-10-06	2026-10-06	
892970	Valheim	included	人工核验、在线合作、热门新品	2026-10-06	2026-10-06	
905340	Heave Ho	included	人工核验	2026-10-06	2026-10-06	
909080	Cube Escape: Paradox	pending	双人解谜、轻恐怖合作	2026-10-06	2026-10-06	
919640	Steel Division 2	pending	双人合作	2026-10-06	2026-10-06	
920210	LEGO® Star Wars™: The Skywalker Saga	pending	双人解谜、本地合作	2026-10-06	2026-10-06	
924970	Back 4 Blood	pending	轻恐怖合作	2026-10-06	2026-10-06	
934700	Dead Island 2	pending	双人合作、轻恐怖合作	2026-10-06	2026-10-06	
944080	Pode	pending	双人解谜	2026-10-06	2026-10-06	
945360	Among Us	excluded	初始候选、双人对抗、欢乐游戏	2026-10-06	2026-10-06	标准主要玩法至少四名玩家，两名朋友不能独立完成；依据 https://store.steampowered.com/app/945360/
949230	Cities: Skylines II	pending	热销游戏	2026-10-06	2026-10-06	
952060	Resident Evil 3	pending	轻恐怖合作	2026-10-06	2026-10-06	
960090	Bloons TD 6	pending	欢乐游戏	2026-10-06	2026-10-06	
960990	Beyond: Two Souls	pending	双人合作、轻恐怖合作	2026-10-06	2026-10-06	
962130	Grounded	pending	在线合作、欢乐游戏、轻恐怖合作	2026-10-06	2026-10-06	
965680	Boomerang Fu	pending	双人对抗	2026-10-06	2026-10-06	
967050	Pacify	pending	轻恐怖合作	2026-10-06	2026-10-06	
972660	Spiritfarer®: Farewell Edition	pending	本地合作	2026-10-06	2026-10-06	
976310	Mortal Kombat 11	pending	轻恐怖合作	2026-10-06	2026-10-06	
976730	Halo: The Master Chief Collection	pending	轻恐怖合作	2026-10-06	2026-10-06	
979690	The Ascent	pending	本地合作	2026-10-06	2026-10-06	
990080	Hogwarts Legacy	pending	热销游戏、热门新品	2026-10-06	2026-10-06	
991780	Notes of Soul	pending	轻恐怖合作	2026-10-06	2026-10-06	
996770	Moving Out	pending	双人解谜、本地合作、欢乐游戏	2026-10-06	2026-10-06	
1000360	Hellish Quart	pending	双人对抗	2026-10-06	2026-10-06	
1003480	Fireboy & Watergirl: Elements	pending	双人解谜	2026-10-06	2026-10-06	
1003590	Tetris® Effect: Connected	pending	双人对抗	2026-10-06	2026-10-06	
1016920	Unrailed!	pending	本地合作	2026-10-06	2026-10-06	
1020790	NARUTO X BORUTO Ultimate Ninja STORM CONNECTIONS	pending	本地合作	2026-10-06	2026-10-06	
1021770	Wanba Warriors	pending	双人对抗	2026-10-06	2026-10-06	
1038250	DIRT 5	pending	双人对抗	2026-10-06	2026-10-06	
1041320	Lords Mobile: Kingdom Wars	pending	欢乐游戏	2026-10-06	2026-10-06	
1054490	Wingspan	pending	双人对抗、本地合作	2026-10-06	2026-10-06	
1057090	Ori and the Will of the Wisps	pending	热销游戏、热门新品	2026-10-06	2026-10-06	
1071870	Biped	pending	双人解谜、本地合作、欢乐游戏	2026-10-06	2026-10-06	
1072420	DRAGON QUEST BUILDERS™ 2	pending	双人合作	2026-10-06	2026-10-06	
1085510	Garfield Kart - Furious Racing	pending	双人对抗	2026-10-06	2026-10-06	
1085660	Destiny 2	pending	双人合作	2026-10-06	2026-10-06	
1086940	Baldur's Gate 3	pending	在线合作、热销游戏、热门新品	2026-10-06	2026-10-06	
1089090	ONE PIECE: PIRATE WARRIORS 4	pending	本地合作	2026-10-06	2026-10-06	
1091500	Cyberpunk 2077	pending	热销游戏、热门新品	2026-10-06	2026-10-06	
1101120	Gunsmith Simulator	pending	双人解谜	2026-10-06	2026-10-06	
1124180	Rail Route	pending	双人解谜	2026-10-06	2026-10-06	
1138850	Heavenly Bodies	pending	双人解谜	2026-10-06	2026-10-06	
1142710	Total War: WARHAMMER III	pending	双人合作、在线合作、热销游戏、热门新品	2026-10-06	2026-10-06	
1144200	Ready or Not	pending	双人合作、热销游戏、轻恐怖合作	2026-10-06	2026-10-06	
1151340	Fallout 76	pending	轻恐怖合作	2026-10-06	2026-10-06	
1154030	Titan Quest II	pending	双人合作	2026-10-06	2026-10-06	
1158310	Crusader Kings III	pending	热销游戏、热门新品	2026-10-06	2026-10-06	
1167630	Teardown	pending	双人解谜	2026-10-06	2026-10-06	
1168660	Barro 2020	pending	双人对抗	2026-10-06	2026-10-06	
1172470	Apex Legends™	pending	欢乐游戏、热销游戏、热门新品	2026-10-06	2026-10-06	
1172620	Sea of Thieves: 2026 Edition	pending	在线合作、欢乐游戏	2026-10-06	2026-10-06	
1174180	Red Dead Redemption 2	pending	热销游戏、热门新品	2026-10-06	2026-10-06	
1178490	港詭實錄ParanormalHK	pending	双人解谜、欢乐游戏、轻恐怖合作	2026-10-06	2026-10-06	
1190000	Car Mechanic Simulator 2021	pending	双人解谜	2026-10-06	2026-10-06	
1190970	House Flipper 2	pending	双人合作、在线合作	2026-10-06	2026-10-06	
1203220	NARAKA: BLADEPOINT	pending	热销游戏、热门新品	2026-10-06	2026-10-06	
1206610	Rubber Bandits	pending	双人对抗、本地合作	2026-10-06	2026-10-06	
1222140	Detroit: Become Human	pending	热销游戏、热门新品	2026-10-06	2026-10-06	
1222700	A Way Out	included	人工核验、在线合作、本地合作	2026-10-06	2026-10-06	
1225560	Unravel	pending	双人解谜	2026-10-06	2026-10-06	
1225570	Unravel Two	included	人工核验、双人合作、双人解谜、本地合作	2026-10-06	2026-10-06	
1228610	KARLSON	pending	热门愿望单	2026-10-06	2026-10-06	
1237950	STAR WARS™ Battlefront™ II	pending	双人合作	2026-10-06	2026-10-06	
1237970	Titanfall® 2	pending	双人合作	2026-10-06	2026-10-06	
1239080	Door Kickers 2: Task Force North	pending	双人合作	2026-10-06	2026-10-06	
1239260	Barro F	pending	双人对抗	2026-10-06	2026-10-06	
1242980	KeyWe	included	人工核验、双人解谜	2026-10-06	2026-10-06	
1243830	Overcooked! All You Can Eat	pending	双人对抗、在线合作、本地合作、欢乐游戏	2026-10-06	2026-10-06	
1243960	Unspottable	pending	双人对抗	2026-10-06	2026-10-06	
1245620	ELDEN RING	pending	双人合作、在线合作、热门新品	2026-10-06	2026-10-06	
1256670	Library Of Ruina	pending	热销游戏	2026-10-06	2026-10-06	
1257610	Prison Architect 2	pending	热门愿望单	2026-10-06	2026-10-06	
1260320	Party Animals	pending	双人对抗、在线合作、本地合作、欢乐游戏、热销游戏、热门新品	2026-10-06	2026-10-06	
1271700	HOT WHEELS UNLEASHED™	pending	双人对抗	2026-10-06	2026-10-06	
1273400	Construction Simulator	pending	在线合作	2026-10-06	2026-10-06	
1274570	DEVOUR	pending	双人解谜、在线合作、轻恐怖合作	2026-10-06	2026-10-06	
1280190	Falling Frontier	pending	热门愿望单	2026-10-06	2026-10-06	
1280930	Astral Ascent	pending	本地合作	2026-10-06	2026-10-06	
1282100	REMNANT II®	pending	双人合作、在线合作、轻恐怖合作	2026-10-06	2026-10-06	
1285190	Borderlands 4	pending	双人合作、在线合作、欢乐游戏	2026-10-06	2026-10-06	
1286580	Ship of Fools	included	人工核验、本地合作、欢乐游戏	2026-10-06	2026-10-06	
1289670	EA Play	pending	双人解谜	2026-10-06	2026-10-06	
1290000	PowerWash Simulator	pending	欢乐游戏	2026-10-06	2026-10-06	
1302240	Labyrinthine	pending	双人解谜	2026-10-06	2026-10-06	
1304930	The Outlast Trials	pending	双人合作、热销游戏、热门新品、轻恐怖合作	2026-10-06	2026-10-06	
1307090	Barro Racing	pending	双人对抗	2026-10-06	2026-10-06	
1313230	Beautiful Light	pending	热门愿望单	2026-10-06	2026-10-06	
1324530	Warhammer 40,000: Shootas, Blood & Teef	pending	双人对抗	2026-10-06	2026-10-06	
1325200	Nioh 2 – The Complete Edition	pending	双人合作	2026-10-06	2026-10-06	
1326470	Sons Of The Forest	pending	热销游戏、热门新品、轻恐怖合作	2026-10-06	2026-10-06	
1329500	SpiderHeck	pending	双人对抗	2026-10-06	2026-10-06	
1332430	Chip ‘n Clawz vs. The Brainioids	pending	双人对抗	2026-10-06	2026-10-06	
1332720	Thief Simulator 2	pending	双人合作	2026-10-06	2026-10-06	
1335790	Operation: Tango	included	人工核验、双人解谜	2026-10-06	2026-10-06	
1340720	State of Decay 3	pending	热门愿望单	2026-10-06	2026-10-06	
1341290	We Were Here Forever	included	人工核验、双人解谜、轻恐怖合作	2026-10-06	2026-10-06	
1346010	RiMS Racing	pending	双人对抗	2026-10-06	2026-10-06	
1361210	Warhammer 40,000: Darktide	pending	轻恐怖合作	2026-10-06	2026-10-06	
1361510	Teenage Mutant Ninja Turtles: Shredder's Revenge	pending	本地合作	2026-10-06	2026-10-06	
1364780	Street Fighter™ 6	pending	双人对抗、热销游戏、热门新品	2026-10-06	2026-10-06	
1367080	MOBILE SUIT GUNDAM BATTLE OPERATION 2	pending	双人合作	2026-10-06	2026-10-06	
1371980	No Rest for the Wicked	pending	在线合作	2026-10-06	2026-10-06	
1372110	JoJo's Bizarre Adventure: All-Star Battle R	pending	本地合作	2026-10-06	2026-10-06	
1373910	Anvil Empires	pending	热门愿望单	2026-10-06	2026-10-06	
1374490	RuneScape: Dragonwilds	pending	在线合作	2026-10-06	2026-10-06	
1384160	GUILTY GEAR -STRIVE-	pending	双人对抗	2026-10-06	2026-10-06	
1392860	Little Nightmares III	pending	双人解谜、轻恐怖合作	2026-10-06	2026-10-06	
1416070	beta decay	pending	热门愿望单	2026-10-06	2026-10-06	
1422450	Deadlock	pending	热门愿望单	2026-10-06	2026-10-06	
1426210	It Takes Two	excluded	初始候选、双人合作、双人解谜、在线合作、本地合作、热销游戏、热门新品	2026-10-06	2026-10-06	以夫妻关系与婚姻修复为核心叙事，不符合项目收录约定。
1435790	Escape Simulator	pending	双人解谜	2026-10-06	2026-10-06	
1436700	Trine 5: A Clockwork Conspiracy	pending	本地合作	2026-10-06	2026-10-06	
1445790	Make Way	pending	双人对抗	2026-10-06	2026-10-06	
1446780	MONSTER HUNTER RISE	included	人工核验、在线合作、热销游戏、热门新品	2026-10-06	2026-10-06	
1449850	Yu-Gi-Oh! Master Duel	pending	热销游戏、热门新品	2026-10-06	2026-10-06	
1451190	Undisputed	pending	双人对抗	2026-10-06	2026-10-06	
1462040	FINAL FANTASY VII REMAKE INTERGRADE	pending	热门新品	2026-10-06	2026-10-06	
1466860	Age of Empires IV: Anniversary Edition	pending	在线合作	2026-10-06	2026-10-06	
1478500	Big Walk	included	人工核验、欢乐游戏、热销游戏、热门新品	2026-10-06	2026-10-06	
1483870	Draw & Guess	pending	双人解谜、欢乐游戏	2026-10-06	2026-10-06	
1498570	THE KING OF FIGHTERS XV	pending	双人对抗	2026-10-06	2026-10-06	
1509960	PICO PARK	pending	双人解谜、本地合作、欢乐游戏、轻恐怖合作	2026-10-06	2026-10-06	
1515210	The Past Within	included	人工核验、双人解谜、本地合作、轻恐怖合作	2026-10-06	2026-10-06	
1538550	LEGO® Voyagers	pending	双人解谜	2026-10-06	2026-10-06	
1551360	Forza Horizon 5	pending	双人合作、在线合作、热销游戏、热门新品	2026-10-06	2026-10-06	
1551980	Clive Barker's Hellraiser: Revival	pending	热门愿望单	2026-10-06	2026-10-06	
1557740	ROUNDS	included	人工核验、双人对抗	2026-10-06	2026-10-06	
1568590	Goose Goose Duck	pending	本地合作、欢乐游戏	2026-10-06	2026-10-06	
1575940	Sins of a Solar Empire II	pending	双人合作	2026-10-06	2026-10-06	
1577120	The Quarry	pending	轻恐怖合作	2026-10-06	2026-10-06	
1579420	Guardians of the Wild Sky	pending	热门愿望单	2026-10-06	2026-10-06	
1586260	BLACKFROST: The Long Dark 2	pending	热门愿望单	2026-10-06	2026-10-06	
1592290	Paranoia Place: Escape Together	pending	双人解谜	2026-10-06	2026-10-06	
1599600	PlateUp!	included	人工核验、在线合作、本地合作	2026-10-06	2026-10-06	
1599660	Sackboy™: A Big Adventure	pending	本地合作	2026-10-06	2026-10-06	
1607680	Bread & Fred	included	人工核验	2026-10-06	2026-10-06	
1614330	Crowsworn	pending	热门愿望单	2026-10-06	2026-10-06	
1623730	Palworld	pending	在线合作、热销游戏、热门新品	2026-10-06	2026-10-06	
1641700	Moving Out 2	pending	双人合作、双人解谜、本地合作	2026-10-06	2026-10-06	
1650010	RIDE 5	pending	双人对抗	2026-10-06	2026-10-06	
1659040	HITMAN World of Assassination	pending	欢乐游戏	2026-10-06	2026-10-06	
1659420	UNCHARTED™: Legacy of Thieves Collection	pending	欢乐游戏	2026-10-06	2026-10-06	
1672970	Minecraft Dungeons	pending	欢乐游戏、热门新品	2026-10-06	2026-10-06	
1676840	For The King II	pending	双人合作、双人对抗、本地合作	2026-10-06	2026-10-06	
1686940	Bopl Battle	pending	双人对抗	2026-10-06	2026-10-06	
1687540	Showa American Story	pending	热门愿望单	2026-10-06	2026-10-06	
1687950	Persona 5 Royal	pending	热门新品	2026-10-06	2026-10-06	
1689620	BLEACH Rebirth of Souls	pending	双人对抗	2026-10-06	2026-10-06	
1699480	KLETKA	pending	轻恐怖合作	2026-10-06	2026-10-06	
1752080	HUNGER	pending	热门愿望单	2026-10-06	2026-10-06	
1757350	ILL	pending	热门愿望单	2026-10-06	2026-10-06	
1770490	PAW Patrol: Grand Prix	pending	双人对抗	2026-10-06	2026-10-06	
1771300	Kingdom Come: Deliverance II	pending	热销游戏、热门新品	2026-10-06	2026-10-06	
1774880	Blight: Survival	pending	热门愿望单	2026-10-06	2026-10-06	
1778820	TEKKEN 8	pending	双人对抗	2026-10-06	2026-10-06	
1781350	Fireboy & Watergirl: Fairy Tales	pending	双人解谜	2026-10-06	2026-10-06	
1785650	TopSpin 2K25	pending	双人对抗	2026-10-06	2026-10-06	
1790600	DRAGON BALL: Sparking! ZERO	pending	双人对抗	2026-10-06	2026-10-06	
1794680	Vampire Survivors	pending	本地合作	2026-10-06	2026-10-06	
1797610	Barro 22	pending	双人对抗	2026-10-06	2026-10-06	
1801110	BOKURA	included	人工核验、双人解谜	2026-10-06	2026-10-06	
1812090	Escape Academy	included	人工核验、双人解谜	2026-10-06	2026-10-06	
1817070	Marvel’s Spider-Man Remastered	pending	欢乐游戏、热销游戏、热门新品	2026-10-06	2026-10-06	
1818140	Den of Wolves	pending	热门愿望单	2026-10-06	2026-10-06	
1846700	Witchbrook	pending	热门愿望单	2026-10-06	2026-10-06	
1850740	Ghost Watchers	pending	双人解谜、轻恐怖合作	2026-10-06	2026-10-06	
1858650	In Sink: A Co-op Escape Adventure	pending	双人解谜	2026-10-06	2026-10-06	
1867240	WARDOGS	pending	热销游戏	2026-10-06	2026-10-06	
1868140	DAVE THE DIVER	pending	热销游戏、热门新品	2026-10-06	2026-10-06	
1879330	WARRIORS OROCHI 3 Ultimate Definitive Edition	pending	双人对抗、本地合作	2026-10-06	2026-10-06	
1888930	The Last of Us™ Part I	pending	热销游戏、热门新品	2026-10-06	2026-10-06	
1904480	Absolum	pending	本地合作	2026-10-06	2026-10-06	
1912410	Minecraft Dungeons II	pending	双人合作	2026-10-06	2026-10-06	
1922560	Plants vs. Zombies™ Garden Warfare 2: Deluxe Edition	pending	双人合作、欢乐游戏	2026-10-06	2026-10-06	
1929610	Demonologist	pending	轻恐怖合作	2026-10-06	2026-10-06	
1940080	Rooted	pending	热门愿望单	2026-10-06	2026-10-06	
1942280	Brotato	pending	本地合作	2026-10-06	2026-10-06	
1943950	Escape the Backrooms	pending	在线合作、热销游戏、热门新品、轻恐怖合作	2026-10-06	2026-10-06	
1952620	The Lost Wild	pending	热门愿望单	2026-10-06	2026-10-06	
1958600	Barro F22	pending	双人对抗	2026-10-06	2026-10-06	
1962700	Subnautica 2	pending	双人合作、轻恐怖合作	2026-10-06	2026-10-06	
1966720	Lethal Company	pending	轻恐怖合作	2026-10-06	2026-10-06	
1969870	Battle Teams 2	pending	双人合作	2026-10-06	2026-10-06	
1971870	Mortal Kombat 1	pending	双人对抗、本地合作	2026-10-06	2026-10-06	
1973530	Limbus Company	pending	热销游戏、热门新品	2026-10-06	2026-10-06	
1987080	Inside the Backrooms	pending	双人解谜、轻恐怖合作	2026-10-06	2026-10-06	
2001120	Split Fiction	included	人工核验、双人合作、在线合作、本地合作、欢乐游戏、热销游戏、热门新品	2026-10-06	2026-10-06	
2012320	Parallel Experiment	pending	双人解谜	2026-10-06	2026-10-06	
2050420	ARK 2	pending	热门愿望单	2026-10-06	2026-10-06	
2050650	Resident Evil 4	pending	热销游戏、热门新品	2026-10-06	2026-10-06	
2051120	HOT WHEELS UNLEASHED™ 2 - Turbocharged	pending	双人对抗	2026-10-06	2026-10-06	
2059810	Richman 4	pending	双人对抗	2026-10-06	2026-10-06	
2067350	Phantom Breaker: Battle Grounds Ultimate	pending	双人对抗	2026-10-06	2026-10-06	
2069040	Unboxing the Cryptic Killer	pending	双人解谜	2026-10-06	2026-10-06	
2069310	RealFlight Evolution	pending	双人对抗	2026-10-06	2026-10-06	
2074800	Richman 11	pending	双人对抗	2026-10-06	2026-10-06	
2076010	UNDER NIGHT IN-BIRTH II Sys:Celes	pending	双人对抗	2026-10-06	2026-10-06	
2085540	Stick It to the Stickman	pending	欢乐游戏	2026-10-06	2026-10-06	
2090210	Threads of Time	pending	热门愿望单	2026-10-06	2026-10-06	
2109770	Kingmakers	pending	热门愿望单	2026-10-06	2026-10-06	
2119830	MISERY	pending	轻恐怖合作	2026-10-06	2026-10-06	
2129530	REANIMAL	pending	双人解谜、在线合作、本地合作、轻恐怖合作	2026-10-06	2026-10-06	
2139460	Once Human	pending	在线合作	2026-10-06	2026-10-06	
2141730	Backrooms: Escape Together	pending	双人解谜、轻恐怖合作	2026-10-06	2026-10-06	
2153350	Brothers: A Tale of Two Sons Remake	pending	双人解谜	2026-10-06	2026-10-06	
2153760	Stronghold 4	pending	热门愿望单	2026-10-06	2026-10-06	
2157560	Granblue Fantasy Versus: Rising	pending	双人对抗	2026-10-06	2026-10-06	
2157830	John Carpenter's Toxic Commando	pending	轻恐怖合作	2026-10-06	2026-10-06	
2161700	Persona 3 Reload	pending	热门新品	2026-10-06	2026-10-06	
2161710	NO LAW	pending	热门愿望单	2026-10-06	2026-10-06	
2165810	Streets of Rogue 2	pending	热门愿望单	2026-10-06	2026-10-06	
2172910	CAPTAIN TSUBASA 2: WORLD FIGHTERS	pending	双人对抗	2026-10-06	2026-10-06	
2179480	Ardem	pending	热门愿望单	2026-10-06	2026-10-06	
2183900	Warhammer 40,000: Space Marine 2	pending	双人合作、热销游戏、热门新品	2026-10-06	2026-10-06	
2193490	First Cut: Samurai Duel	pending	双人对抗	2026-10-06	2026-10-06	
2195120	Go-Go Town!	pending	欢乐游戏	2026-10-06	2026-10-06	
2208570	Dark Hours	pending	欢乐游戏、轻恐怖合作	2026-10-06	2026-10-06	
2211170	Unrailed 2: Back on Track	pending	双人合作、本地合作	2026-10-06	2026-10-06	
2215200	LEGO® Batman™: Legacy of the Dark Knight	pending	本地合作、欢乐游戏	2026-10-06	2026-10-06	
2215430	Ghost of Tsushima DIRECTOR'S CUT	pending	在线合作	2026-10-06	2026-10-06	
2217000	Rivals of Aether II	pending	双人对抗	2026-10-06	2026-10-06	
2221490	Tom Clancy’s The Division® 2	pending	双人合作、在线合作	2026-10-06	2026-10-06	
2231020	Chronicles: Medieval	pending	热门愿望单	2026-10-06	2026-10-06	
2232600	Anomaly Exit	pending	双人解谜	2026-10-06	2026-10-06	
2235200	Neon Abyss 2	pending	双人合作	2026-10-06	2026-10-06	
2235430	Holstin	pending	热门愿望单	2026-10-06	2026-10-06	
2239770	Don't Starve Elsewhere	pending	热门愿望单	2026-10-06	2026-10-06	
2246340	Monster Hunter Wilds	pending	在线合作、热销游戏	2026-10-06	2026-10-06	
2254990	Permafrost	pending	热门愿望单	2026-10-06	2026-10-06	
2272360	Warhammer 40,000: Dawn of War IV	pending	热门愿望单	2026-10-06	2026-10-06	
2273430	BlazBlue Entropy Effect	pending	热销游戏	2026-10-06	2026-10-06	
2288340	ACE COMBAT 8: WINGS OF THEVE	pending	在线合作、热销游戏、热门新品	2026-10-06	2026-10-06	
2290180	Riders Republic	pending	在线合作、热销游戏、热门新品	2026-10-06	2026-10-06	
2291060	EARTH DEFENSE FORCE 6	pending	本地合作	2026-10-06	2026-10-06	
2295170	Emberville	pending	热门愿望单	2026-10-06	2026-10-06	
2296990	We Were Here Expeditions: The FriendShip	included	人工核验、双人解谜	2026-10-06	2026-10-06	
2300320	Farming Simulator 25	pending	在线合作	2026-10-06	2026-10-06	
2318330	Neverway	pending	热门愿望单	2026-10-06	2026-10-06	
2336220	Feed the Cups	pending	本地合作、欢乐游戏	2026-10-06	2026-10-06	
2340970	Railborn	pending	热门愿望单	2026-10-06	2026-10-06	
2344520	Diablo® IV	pending	在线合作	2026-10-06	2026-10-06	
2358720	Black Myth: Wukong	pending	热门新品	2026-10-06	2026-10-06	
2369390	Far Cry® 6	pending	双人合作、在线合作、热销游戏、热门新品	2026-10-06	2026-10-06	
2370000	Lumines Arise	pending	双人对抗	2026-10-06	2026-10-06	
2381520	Unrecord	pending	热门愿望单	2026-10-06	2026-10-06	
2399830	ARK: Survival Ascended	pending	热销游戏	2026-10-06	2026-10-06	
2406770	Bodycam	pending	双人合作、热销游戏、热门新品、轻恐怖合作	2026-10-06	2026-10-06	
2418520	Farm Together 2	pending	双人合作	2026-10-06	2026-10-06	
2423300	School Labyrinth	pending	轻恐怖合作	2026-10-06	2026-10-06	
2437170	SMITE 2	pending	双人合作	2026-10-06	2026-10-06	
2437390	Enginefall	pending	热门愿望单	2026-10-06	2026-10-06	
2439280	Clockwork Revolution	pending	热门愿望单	2026-10-06	2026-10-06	
2444750	Shape of Dreams	pending	在线合作	2026-10-06	2026-10-06	
2445690	Lost Castle 2	pending	双人合作、在线合作、本地合作、欢乐游戏	2026-10-06	2026-10-06	
2454980	Drakantos	pending	热门愿望单	2026-10-06	2026-10-06	
2475460	SOS OPS!	pending	双人解谜、欢乐游戏	2026-10-06	2026-10-06	
2477010	Ticket to Ride®	pending	双人对抗	2026-10-06	2026-10-06	
2479810	Gray Zone Warfare	pending	在线合作	2026-10-06	2026-10-06	
2483190	Forza Horizon 6	pending	在线合作、欢乐游戏、热销游戏、热门新品	2026-10-06	2026-10-06	
2486820	Sonic Racing: CrossWorlds	pending	双人对抗、本地合作	2026-10-06	2026-10-06	
2507950	Delta Force	pending	在线合作、热销游戏、热门新品	2026-10-06	2026-10-06	
2523720	Gears of War: Reloaded	pending	双人对抗	2026-10-06	2026-10-06	
2523770	The Lord of the Rings: War in the North™ - Legacy Edition	pending	本地合作	2026-10-06	2026-10-06	
2530980	Tales of Graces f Remastered	pending	双人对抗	2026-10-06	2026-10-06	
2531310	The Last of Us™ Part II Remastered	pending	热销游戏、热门新品	2026-10-06	2026-10-06	
2543180	POPUCOM	pending	双人解谜、本地合作	2026-10-06	2026-10-06	
2543830	Way of the Hunter 2	pending	双人合作	2026-10-06	2026-10-06	
2560240	Biped 2	pending	双人合作、双人解谜、本地合作	2026-10-06	2026-10-06	
2567870	Chained Together	included	人工核验、在线合作、欢乐游戏	2026-10-06	2026-10-06	
2569760	The Mound: Omen of Cthulhu	pending	轻恐怖合作	2026-10-06	2026-10-06	
2581700	MotoGP™24	pending	双人对抗	2026-10-06	2026-10-06	
2582960	NAKWON: LAST PARADISE	pending	热门愿望单	2026-10-06	2026-10-06	
2590240	METRO 2039	pending	热门愿望单	2026-10-06	2026-10-06	
2591310	Pure Badminton	pending	双人对抗	2026-10-06	2026-10-06	
2610770	Dust Front RTS	pending	热门愿望单	2026-10-06	2026-10-06	
2622000	Astral Party	pending	欢乐游戏	2026-10-06	2026-10-06	
2622380	ELDEN RING NIGHTREIGN	pending	在线合作	2026-10-06	2026-10-06	
2625420	Drive Beyond Horizons	pending	轻恐怖合作	2026-10-06	2026-10-06	
2638890	Onimusha: Way of the Sword	pending	热门新品	2026-10-06	2026-10-06	
2644470	PICO PARK 2	pending	双人合作、双人解谜、本地合作、欢乐游戏、轻恐怖合作	2026-10-06	2026-10-06	
2649560	Persona 6	pending	热门愿望单	2026-10-06	2026-10-06	
2651280	Marvel's Spider-Man 2	pending	双人合作、热销游戏、热门新品	2026-10-06	2026-10-06	
2661300	Grounded 2	pending	双人合作、在线合作、轻恐怖合作	2026-10-06	2026-10-06	
2688950	Planet Coaster 2	pending	欢乐游戏	2026-10-06	2026-10-06	
2689120	Gladio Mori	pending	双人对抗	2026-10-06	2026-10-06	
2692660	Car Mechanic Simulator 2026	pending	热门愿望单	2026-10-06	2026-10-06	
2692990	DON'T SCREAM TOGETHER	pending	轻恐怖合作	2026-10-06	2026-10-06	
2695940	PANICORE	pending	轻恐怖合作	2026-10-06	2026-10-06	
2719590	Light No Fire	pending	热门愿望单	2026-10-06	2026-10-06	
2724650	The Bustling World	pending	热门愿望单	2026-10-06	2026-10-06	
2732960	Command & Conquer™ Generals Zero Hour	pending	双人对抗	2026-10-06	2026-10-06	
2737070	Crime Simulator	pending	在线合作、欢乐游戏	2026-10-06	2026-10-06	
2744880	Climber Animals: Together	pending	欢乐游戏	2026-10-06	2026-10-06	
2767030	Marvel Rivals	pending	在线合作	2026-10-06	2026-10-06	
2769570	Fable	pending	热门愿望单	2026-10-06	2026-10-06	
2787320	Revenge of the Savage Planet	pending	双人解谜	2026-10-06	2026-10-06	
2794590	Scam Line	pending	双人解谜、欢乐游戏、轻恐怖合作	2026-10-06	2026-10-06	
2800370	30 Days on Ship	pending	热门愿望单	2026-10-06	2026-10-06	
2807960	Battlefield™ 6	pending	热销游戏、热门新品	2026-10-06	2026-10-06	
2811100	The Mosquito Gang	pending	双人对抗	2026-10-06	2026-10-06	
2814860	Vindictus: Defying Fate	pending	热门愿望单	2026-10-06	2026-10-06	
2820700	A Gentlemen's Dispute	pending	双人对抗	2026-10-06	2026-10-06	
2821390	HOT WHEELS™ Infinite Rush	pending	双人对抗	2026-10-06	2026-10-06	
2828710	Valor Mortis	pending	热门愿望单	2026-10-06	2026-10-06	
2838950	Game of Thrones: War for Westeros	pending	热门愿望单	2026-10-06	2026-10-06	
2840470	SimplePlanes 2	pending	双人合作	2026-10-06	2026-10-06	
2849490	Outward 2	pending	热门愿望单	2026-10-06	2026-10-06	
2861080	Haunted Paws	pending	热门愿望单	2026-10-06	2026-10-06	
2868840	Slay the Spire 2	pending	双人合作、热销游戏	2026-10-06	2026-10-06	
2871520	Deep Dish Dungeon	pending	热门愿望单	2026-10-06	2026-10-06	
2873440	Chrono Odyssey	pending	热门愿望单	2026-10-06	2026-10-06	
2878980	NBA 2K25	pending	双人对抗	2026-10-06	2026-10-06	
2879840	Escape Simulator 2	pending	双人合作、双人解谜、在线合作	2026-10-06	2026-10-06	
2881650	Content Warning	pending	欢乐游戏、轻恐怖合作	2026-10-06	2026-10-06	
2887580	Active Matter	pending	轻恐怖合作	2026-10-06	2026-10-06	
2918500	Cozy Island	pending	欢乐游戏	2026-10-06	2026-10-06	
2924520	ONTOS	pending	热门愿望单	2026-10-06	2026-10-06	
2928600	Demon Slayer -Kimetsu no Yaiba- The Hinokami Chronicles 2	pending	双人对抗	2026-10-06	2026-10-06	
2929250	over the hill	pending	热门愿望单	2026-10-06	2026-10-06	
2950340	LEGO® Harry Potter™ Collection	pending	双人解谜、本地合作	2026-10-06	2026-10-06	
2956040	PVKK: Planetenverteidigungskanonenkommandant	pending	热门愿望单	2026-10-06	2026-10-06	
2963950	Persona 4 Revival	pending	热门愿望单	2026-10-06	2026-10-06	
2968420	PowerWash Simulator 2	pending	双人合作、本地合作、欢乐游戏	2026-10-06	2026-10-06	
3003460	Bang Bang Barrage	pending	本地合作	2026-10-06	2026-10-06	
3008130	Dying Light: The Beast	pending	轻恐怖合作	2026-10-06	2026-10-06	
3010850	Gears of War: E-Day	pending	双人合作、双人对抗、在线合作、本地合作、热销游戏、热门愿望单、轻恐怖合作	2026-10-06	2026-10-06	
3016620	Alkahest	pending	热门愿望单	2026-10-06	2026-10-06	
3059520	F1® 25	pending	双人合作、在线合作	2026-10-06	2026-10-06	
3073940	God Save Birmingham	pending	热门愿望单	2026-10-06	2026-10-06	
3077390	MotoGP™25	pending	双人对抗	2026-10-06	2026-10-06	
3078150	Hawthorn	pending	热门愿望单	2026-10-06	2026-10-06	
3097560	Liar's Bar	pending	双人解谜、欢乐游戏、轻恐怖合作	2026-10-06	2026-10-06	
3112260	Virtua Fighter 5 R.E.V.O. World Stage	pending	双人对抗	2026-10-06	2026-10-06	
3119720	Barro 2024	pending	双人对抗	2026-10-06	2026-10-06	
3121110	Zort	pending	欢乐游戏、轻恐怖合作	2026-10-06	2026-10-06	
3161310	Hela: of Mice & Magic	pending	热门愿望单	2026-10-06	2026-10-06	
3164330	Infinity Nikki	pending	双人解谜	2026-10-06	2026-10-06	
3176060	Emissary Zero	pending	双人解谜	2026-10-06	2026-10-06	
3193680	Out of Hand: Deluxe	pending	双人对抗	2026-10-06	2026-10-06	
3199470	Knuckle Jet	pending	双人对抗	2026-10-06	2026-10-06	
3218230	ArcheAge Chronicles	pending	热门愿望单	2026-10-06	2026-10-06	
3219030	Planet Zoo 2	pending	欢乐游戏	2026-10-06	2026-10-06	
3230960	EXODUS	pending	热门愿望单	2026-10-06	2026-10-06	
3240220	Grand Theft Auto V Enhanced	pending	欢乐游戏、热销游戏、热门新品	2026-10-06	2026-10-06	
3241660	R.E.P.O.	pending	在线合作、欢乐游戏、热销游戏、热门新品、轻恐怖合作	2026-10-06	2026-10-06	
3242750	Level Devil	pending	双人对抗	2026-10-06	2026-10-06	
3255110	Grave Seasons	pending	热门愿望单	2026-10-06	2026-10-06	
3259780	FINAL FANTASY RESONANCE	pending	热门愿望单	2026-10-06	2026-10-06	
3281420	Paradise	pending	热门愿望单	2026-10-06	2026-10-06	
3283240	THE LIFT: Supernatural Handyman Simulator	pending	热门愿望单	2026-10-06	2026-10-06	
3292470	Tides of Annihilation	pending	热门愿望单	2026-10-06	2026-10-06	
3293260	Waterpark Simulator	pending	欢乐游戏	2026-10-06	2026-10-06	
3321460	Crimson Desert Enhanced	pending	热门新品	2026-10-06	2026-10-06	
3337850	KYORA	pending	热门愿望单	2026-10-06	2026-10-06	
3364070	The Jackbox Party Pack 11	pending	双人对抗	2026-10-06	2026-10-06	
3371050	Zeverland	pending	热门愿望单	2026-10-06	2026-10-06	
3376250	Nine-Ball Roulette	pending	轻恐怖合作	2026-10-06	2026-10-06	
3400930	Guilty as Sock!	pending	欢乐游戏	2026-10-06	2026-10-06	
3405690	EA SPORTS FC™ 26	pending	双人对抗、本地合作	2026-10-06	2026-10-06	
3407390	ENDLESS Legend™ 2	pending	双人合作	2026-10-06	2026-10-06	
3417410	Storebound	pending	双人解谜	2026-10-06	2026-10-06	
3448650	Aliens: Fireteam Elite 2	pending	双人合作、轻恐怖合作	2026-10-06	2026-10-06	
3453910	Happy's Humble Burger Cult	pending	轻恐怖合作	2026-10-06	2026-10-06	
3470550	We, Junk Artists	pending	欢乐游戏	2026-10-06	2026-10-06	
3472040	NBA 2K26	pending	双人合作、双人对抗、本地合作	2026-10-06	2026-10-06	
3483510	The Adventures of Elliot: The Millennium Tales	pending	本地合作	2026-10-06	2026-10-06	
3489700	Stellar Blade™	pending	热销游戏、热门新品	2026-10-06	2026-10-06	
3513600	Scarlet Idol	pending	双人解谜、本地合作、轻恐怖合作	2026-10-06	2026-10-06	
3517740	Frostrail	pending	热门愿望单	2026-10-06	2026-10-06	
3527290	PEAK	pending	在线合作、热销游戏、热门新品、轻恐怖合作	2026-10-06	2026-10-06	
3558670	Tomb Raider: Legacy of Atlantis	pending	热门愿望单	2026-10-06	2026-10-06	
3569500	Card Shop Simulator Multiplayer	pending	欢乐游戏	2026-10-06	2026-10-06	
3595230	Call of Duty®: Modern Warfare® II	pending	双人合作	2026-10-06	2026-10-06	
3595270	Call of Duty®: Modern Warfare® III	pending	双人合作、在线合作、热销游戏、热门新品	2026-10-06	2026-10-06	
3654560	Plants vs. Zombies™: Replanted	pending	双人对抗、本地合作、欢乐游戏	2026-10-06	2026-10-06	
3659090	Jelly Bubble	pending	双人对抗	2026-10-06	2026-10-06	
3669870	CONTROL Resonant	pending	热门新品	2026-10-06	2026-10-06	
3683770	Boba Cafe Simulator	pending	欢乐游戏	2026-10-06	2026-10-06	
3710600	Warhammer 40,000: Dark Heresy	pending	热门愿望单	2026-10-06	2026-10-06	
3714800	Warlock: Dungeons & Dragons	pending	热门愿望单	2026-10-06	2026-10-06	
3722330	Shift At Midnight	pending	双人合作、在线合作、热销游戏、热门新品、轻恐怖合作	2026-10-06	2026-10-06	
3727390	The Expanse: Osiris Reborn	pending	热门愿望单	2026-10-06	2026-10-06	
3744430	Together: Moon Escape	pending	双人解谜	2026-10-06	2026-10-06	
3756010	SUPER BOMBERMAN COLLECTION	pending	双人对抗	2026-10-06	2026-10-06	
3764200	Resident Evil Requiem	pending	热销游戏、热门新品	2026-10-06	2026-10-06	
3768760	007 First Light	pending	热销游戏、热门新品	2026-10-06	2026-10-06	
3788800	Atomic Heart 2	pending	热门愿望单	2026-10-06	2026-10-06	
3808690	Pathogenic	pending	本地合作	2026-10-06	2026-10-06	
3834090	YAPYAP	pending	欢乐游戏、轻恐怖合作	2026-10-06	2026-10-06	
3841510	DYNASTY WARRIORS 3: Complete Edition Remastered	pending	热门新品	2026-10-06	2026-10-06	
3844970	Burglin' Gnomes	pending	欢乐游戏、轻恐怖合作	2026-10-06	2026-10-06	
3864580	P.O.N.	pending	热门愿望单	2026-10-06	2026-10-06	
3875050	MotoGP™26	pending	双人对抗	2026-10-06	2026-10-06	
3892270	Gamble With Your Friends	pending	双人合作、在线合作、热销游戏、热门新品	2026-10-06	2026-10-06	
3904850	Approximately Up	pending	双人解谜	2026-10-06	2026-10-06	
3905450	WheelMates	pending	双人解谜、本地合作	2026-10-06	2026-10-06	
3908940	Inferno Protocol	pending	双人解谜	2026-10-06	2026-10-06	
3932890	Escape from Tarkov	pending	在线合作、热销游戏、热门新品	2026-10-06	2026-10-06	
3940610	EA SPORTS™ Madden NFL 27	pending	双人对抗、本地合作	2026-10-06	2026-10-06	
3949040	RV There Yet?	pending	在线合作、欢乐游戏、热门新品	2026-10-06	2026-10-06	
3978820	Rules of Engagement: The Grey State	pending	热门愿望单	2026-10-06	2026-10-06	
3983810	The Spike Cross	pending	双人对抗	2026-10-06	2026-10-06	
4001890	How to Fish	pending	在线合作、热销游戏、热门新品	2026-10-06	2026-10-06	
4005220	Deep Blue Sushi	pending	欢乐游戏	2026-10-06	2026-10-06	
4019220	Dressmaker	pending	热销游戏、热门新品	2026-10-06	2026-10-06	
4031890	Palworld: Palfarm	pending	热门愿望单	2026-10-06	2026-10-06	
4032350	EA SPORTS™ College Football 27	pending	双人对抗、本地合作	2026-10-06	2026-10-06	
4069520	Super Battle Golf	pending	欢乐游戏	2026-10-06	2026-10-06	
4074010	Dig, Dig, Die	pending	轻恐怖合作	2026-10-06	2026-10-06	
4077740	PUBG: Black Budget	pending	热门愿望单	2026-10-06	2026-10-06	
4080220	EA SPORTS FC™ 27	pending	双人对抗、在线合作、本地合作、热销游戏、热门新品	2026-10-06	2026-10-06	
4090360	Forest Escape: Last Train	pending	轻恐怖合作	2026-10-06	2026-10-06	
4095380	Soulframe	pending	热门愿望单	2026-10-06	2026-10-06	
4108000	Machine Party	pending	双人合作、在线合作、欢乐游戏、热销游戏、热门新品、轻恐怖合作	2026-10-06	2026-10-06	
4115450	Phantom Blade Zero	pending	热销游戏、热门愿望单	2026-10-06	2026-10-06	
4121170	Fears to Fathom® - Scratch Creek	pending	轻恐怖合作	2026-10-06	2026-10-06	
4126040	Aniimo	pending	在线合作	2026-10-06	2026-10-06	
4131730	VHOLUME	pending	本地合作	2026-10-06	2026-10-06	
4132330	Pizza House Simulator🍕	pending	欢乐游戏	2026-10-06	2026-10-06	
4150720	Drunken Goddess Reflux	pending	热门愿望单	2026-10-06	2026-10-06	
4164310	这是谐音梗	pending	双人解谜、欢乐游戏	2026-10-06	2026-10-06	
4164790	Survival Log	pending	热销游戏、热门新品	2026-10-06	2026-10-06	
4187140	Don't Panic! It is Just Turbulence	pending	双人解谜	2026-10-06	2026-10-06	
4199910	Total War: WARHAMMER 40,000	pending	热门愿望单	2026-10-06	2026-10-06	
4200440	Nightmare Drive	pending	轻恐怖合作	2026-10-06	2026-10-06	
4228810	Fourteen Years of Flames	pending	热门愿望单	2026-10-06	2026-10-06	
4231820	Castlevania: Belmont's Curse	pending	热门愿望单	2026-10-06	2026-10-06	
4244510	Pratfall	pending	欢乐游戏	2026-10-06	2026-10-06	
4252340	CPM 2	pending	双人合作	2026-10-06	2026-10-06	
4258290	We Are So Cooked	pending	热门愿望单	2026-10-06	2026-10-06	
4259190	Kingdom Rush 6: Genesis TD	pending	热销游戏	2026-10-06	2026-10-06	
4260840	STRANGER THAN HEAVEN	pending	热门愿望单	2026-10-06	2026-10-06	
4282500	hololive Dreams	pending	双人解谜	2026-10-06	2026-10-06	
4285690	Airport Security Sucks!	pending	欢乐游戏	2026-10-06	2026-10-06	
4317790	Last Pirates: Die Together	pending	轻恐怖合作	2026-10-06	2026-10-06	
4354570	FINAL FANTASY VII REVELATION	pending	热门愿望单	2026-10-06	2026-10-06	
4356430	NBA 2K27	pending	双人合作、双人对抗、在线合作、本地合作、热销游戏、热门新品	2026-10-06	2026-10-06	
4380490	Cat Mail Co.	pending	双人解谜	2026-10-06	2026-10-06	
4401160	Fireboy & Watergirl and Friends	pending	双人解谜	2026-10-06	2026-10-06	
4412320	Dumb Ways to Build	pending	欢乐游戏	2026-10-06	2026-10-06	
4435490	Call of Duty®: Modern Warfare® 4	pending	在线合作、热销游戏、热门愿望单	2026-10-06	2026-10-06	
4534960	Dear Passengers	pending	双人合作、热门愿望单	2026-10-06	2026-10-06	
4560660	Eslabong	pending	本地合作	2026-10-06	2026-10-06	
4570720	DragonSword : Awakening	pending	在线合作	2026-10-06	2026-10-06	
4614080	Cartel Pilots Wanted	pending	热门愿望单	2026-10-06	2026-10-06	
4656000	BOMBANANA!	pending	双人合作、双人解谜、在线合作、欢乐游戏、热销游戏、热门新品	2026-10-06	2026-10-06	
4704690	MECCHA CHAMELEON	pending	双人合作、在线合作、欢乐游戏、热门新品	2026-10-06	2026-10-06	
4743930	Guild Wars 3™	pending	热门愿望单	2026-10-06	2026-10-06	
4767480	Lords of the Fallen II	pending	双人合作、热门愿望单	2026-10-06	2026-10-06	
4796830	WE ARE SO DEAD	pending	轻恐怖合作	2026-10-06	2026-10-06	
4824610	Resident Evil Veronica	pending	热门愿望单	2026-10-06	2026-10-06	
4917440	MOGGED: Looksmaxx or Die	pending	欢乐游戏、轻恐怖合作	2026-10-06	2026-10-06	
4921760	Heroes Of Might And Magic III	pending	双人对抗	2026-10-06	2026-10-06	
4927490	Cleaning Up The Puzzle Gallery	pending	双人解谜	2026-10-06	2026-10-06	
4962010	Mall: Tidy Up Together	pending	双人解谜	2026-10-06	2026-10-06	
4981570	Wand & Order: Tidy up the magic shop!	pending	双人解谜	2026-10-06	2026-10-06	
4986890	Old Market Restored	pending	双人解谜	2026-10-06	2026-10-06	
5019920	Tasty Chef	pending	在线合作、欢乐游戏	2026-10-06	2026-10-06	
5053820	Mimic Party	pending	在线合作、欢乐游戏	2026-10-06	2026-10-06	
5072600	Family Time	pending	热门愿望单	2026-10-06	2026-10-06	
5084260	Fireboy & Watergirl 1: The Forest Temple	pending	双人解谜	2026-10-06	2026-10-06	
5085370	Fireboy & Watergirl 2: The Light Temple	pending	双人解谜	2026-10-06	2026-10-06	
5085500	Fireboy & Watergirl 3: The Ice Temple	pending	双人解谜	2026-10-06	2026-10-06	
5085510	Fireboy & Watergirl 4: The Crystal Temple	pending	双人解谜	2026-10-06	2026-10-06	
5120650	Paver: Tidy Up Together	pending	双人解谜	2026-10-06	2026-10-06	
5245810	ForgeTax	pending	热销游戏	2026-10-06	2026-10-06	
