id	name	aliases	category	players	mode	fit	source	relation	reason	evidenceNote	contentNote	evidenceUrl	verifiedAt
2001120	Split Fiction	双影奇境	动作冒险、平台闯关	2 人	在线联机、本地分屏、远程同乐、跨平台	3	热门游戏	合作	两人用不同能力衔接跳跃和战斗；好友通行证只需一人购买，在线需 EA 账号，科幻与奇幻关卡交替。	商店说明为两名搭档的合作冒险，好友通行证允许另一名玩家游玩完整游戏。		https://store.steampowered.com/app/2001120/	2026-10-06
620	Portal 2	传送门2	双人解谜	2 人（合作战役）	在线联机、本地分屏、远程同乐	3	经典补充	合作	两人各开传送门、互报位置与时机，专属合作战役可以完整通关；在线各需一份，本地或远程同乐可共用一份。	商店明确说明独立的 two-player cooperative campaign。		https://store.steampowered.com/app/620/	2026-10-06
1222700	A Way Out	逃出生天	剧情合作、动作冒险	2 人	在线联机、本地分屏、远程同乐	3	经典补充	合作	一人吸引注意、另一人执行越狱，分屏同时推进两条视角；远程同乐可共用一份，原生在线需 EA 账号并可用好友通行证。	商店明确说明 must be played with two players。		https://store.steampowered.com/app/1222700/	2026-10-06
582500	We Were Here	我们在这里	双人解谜	2 人	在线联机、语音协作	3	经典补充	非对称合作	两人被隔在不同房间，只能靠描述符号和地图开门；免费入门篇，两人都要能用麦克风，需持续沟通。	商店明确描述两名玩家被困城堡，要求双方使用麦克风。		https://store.steampowered.com/app/582500/	2026-10-06
677160	We Were Here Too	我们在这里也	双人解谜	2 人	在线联机、语音协作	3	经典补充	非对称合作	两人分处城堡不同区域，靠对讲机对齐机关线索；双方各需购买并准备麦克风，适合连续专注解谜。	商店明确说明双方不同视角和剧情，要求 both players 使用麦克风。		https://store.steampowered.com/app/677160/	2026-10-06
865360	We Were Here Together	我们一起在这里	双人解谜	2 人	在线联机、语音协作	3	补充	非对称合作	两名探索者从营地出发再分头解谜，互相描述看不到的机关；双方各需一份及麦克风，建议分几次推进。	商店描述营地的两人一起救援，要求双方麦克风及网络连接。		https://store.steampowered.com/app/865360/	2026-10-06
1341290	We Were Here Forever	我们永远在这里	双人解谜	2 人	在线联机、语音协作	3	热门游戏	非对称合作	一人看到图案、另一人操作机关，持续核对线索逃离城堡；双方各需购买与麦克风，流程比系列短篇更长。	商店明确列出 Two player co-op，并说明谜题需要双方各司其职。		https://store.steampowered.com/app/1341290/	2026-10-06
2296990	We Were Here Expeditions: The FriendShip	我们在这里探险友谊号	双人解谜	2 人	在线联机、语音协作	3	补充	非对称合作	两人用对讲机解游乐园的合作谜题，适合一晚完成后交换分工再试；双方各需一份和麦克风。	商店说明 two of you，以及 puzzles that take two to solve。		https://store.steampowered.com/app/2296990/	2026-10-06
1335790	Operation: Tango	行动探戈	双人解谜、潜入协作	2 人	在线联机、跨平台、语音协作	3	补充	非对称合作	一人当特工、一人当黑客，靠语音同步破解安保；必须用麦克风，好友通行证可只买一份，不支持本地同屏。	商店明确说明 exclusive team of two，并列出好友通行证、跨平台和在线限定。		https://store.steampowered.com/app/1335790/	2026-10-06
1801110	BOKURA	我们曾到此	双人解谜、平台闯关	2 人	在线联机、语音协作	3	补充	非对称合作	两人眼中的世界不同，必须描述障碍才能互相搭路；各需一份和独立设备，不能单机同屏，包含压抑情节。	商店明确说明 only two players，two separate machines，不能由电脑代替第二人。	含压抑情节	https://store.steampowered.com/app/1801110/	2026-10-06
1607680	Bread & Fred	面包与年糕	平台闯关	2 人（合作模式）	在线联机、本地同屏、远程同乐	3	补充	合作互坑	两只企鹅用绳索连在一起，数拍一起起跳或甩搭档上高台；失误常会一起掉落，适合愿意反复练配合的两人。	商店明确说明 two players must cooperate to jump and climb。		https://store.steampowered.com/app/1607680/	2026-10-06
1242980	KeyWe	奇异鸟邮局	欢乐协作、双人解谜	2 人（合作模式）	在线联机、本地同屏、远程同乐	3	补充	合作	两人分别操控一只奇异鸟，分头敲字、盖章和传递包裹；忙起来需要报任务，适合短关卡轮流挑战评级。	商店描述两只奇异鸟与一名朋友配合，支持 couch 或 online 共同完成邮局任务。		https://store.steampowered.com/app/1242980/	2026-10-06
1225570	Unravel Two	毛线小精灵2	平台闯关、双人解谜	1–2 人	本地同屏、远程同乐	3	经典补充	合作	两名毛线角色用绳索摆荡、拉住对方过障碍，节奏较温和；无原生在线联机，异地需用 Steam 远程同乐。	商店描述 two Yarnys，既可单人控制两个角色，也可本地合作。		https://store.steampowered.com/app/1225570/	2026-10-06
238460	BattleBlock Theater	战斗砖块剧场	平台闯关	故事 1–2 人；竞技最多 4 人	在线联机、本地同屏、远程同乐	3	经典补充	合作互坑	两人一起踩机关、扔搭档越过陷阱，也能故意添乱；故事模式最多两人，适合短关卡连续闯关。	商店明确说明 up to two players in Story, and four in Arena。		https://store.steampowered.com/app/238460/	2026-10-06
790740	Tick Tock: A Tale for Two	滴答双人冒险	双人解谜	2 人	语音协作、跨平台	3	补充	非对称合作	两人各看自己的线索再口头拼答案，约一个晚上完成；各需一份和独立设备，游戏不联网同步，靠外部语音或当面沟通。	商店说明必须合并双方屏幕信息，可在两台 PC 或不同平台设备上游玩。		https://store.steampowered.com/app/790740/	2026-10-06
1515210	The Past Within	锈湖内在昔日	双人解谜	2 人	语音协作、跨平台	3	热门游戏	非对称合作	一人在过去、一人在未来，互报密码影响另一侧机关；双方各需购买和独立设备，约两小时，靠语音协作而非联网同步。	商店明确说明合作限定、双方各有一份、一人在过去另一人在未来，可跨设备沟通。	含诡异与恐怖意象	https://store.steampowered.com/app/1515210/	2026-10-06
1812090	Escape Academy	逃脱学院	双人解谜	1–2 人	在线联机、本地分屏、远程同乐	3	补充	合作	两人分头搜密室、汇总线索，在倒计时内合解机关；完整主线支持双人，适合一晚玩几间密室。	商店明确说明 entirety 可以单人或 two player co-operative play 完成。		https://store.steampowered.com/app/1812090/	2026-10-06
1286580	Ship of Fools	愚人船	动作肉鸽	1–2 人	在线联机、本地同屏、远程同乐	3	补充	合作	两人轮流装弹、操炮和修船，忙时互补左右舷火力；每次航行重新构筑，本地双人需要手柄。	商店说明与 another shipmate 合作，或 solo sailor，并注明本地多人需手柄。		https://store.steampowered.com/app/1286580/	2026-10-06
341800	Keep Talking and Nobody Explodes	继续说话就不会爆炸	双人解谜	2 人以上	本地协作、语音协作	3	经典补充	非对称合作	一人看炸弹、一人查免费手册，互报按钮和符号赶在倒计时前拆弹；只需一份，异地可用外部语音，专家不能看炸弹屏幕。	商店明确说明 local co-op for two or more players，单份游戏加免费手册即可。		https://store.steampowered.com/app/341800/	2026-10-06
1478500	Big Walk	大步走	探索协作、双人解谜	2–12 人	在线联机、跨平台、语音协作	3	热门游戏	合作互坑	两人用近距离语音、手势和工具找路解谜，也能偷走搭档的望远镜；节奏自由，各需一份和麦克风。	商店明确说明最少 2 人、最多 12 人，双人是 focused co-op，冒险有结局。		https://store.steampowered.com/app/1478500/	2026-10-06
905340	Heave Ho	嘿哟	欢乐协作、平台闯关	1–4 人	本地同屏、远程同乐	2	补充	合作互坑	两人抓住彼此手臂摆荡过峡谷，一人松手就可能一起坠落；本地或远程同乐，不支持原生在线，更多人时更混乱。	商店说明最多四人本地合作或 Steam Remote Play，可单人，队友互相抓握通过平台。		https://store.steampowered.com/app/905340/	2026-10-06
728880	Overcooked! 2	胡闹厨房2	欢乐协作	1–4 人	在线联机、本地同屏、远程同乐	2	热门游戏	合作互坑	两人分工切菜、烹饪、上菜和洗盘，忙时需要频繁换岗；人数少时每人任务更多，高星挑战更吃默契。	官方 FAQ 明确说明支持四人以内，PC 可两人共用键盘，故事模式邀请好友。		https://www.team17.com/news/overcooked-2-faq	2026-10-06
1599600	PlateUp!	餐厅大亨	经营协作、欢乐协作	1–4 人	在线联机、本地同屏、远程同乐	2	热门游戏	合作	两人分工后厨和前厅，再一起规划厨房自动化；一局局经营扩店，后期上菜与洗碗压力较大，适合连续玩几晚。	官网 Press Kit 明确列出本地及在线合作均为 1–4 人。		https://www.plateupgame.com/presskit/	2026-10-06
2567870	Chained Together	链在一起	平台闯关	1–4 人	在线联机、本地分屏	2	热门游戏	合作互坑	两人被链条拴住，必须商量落点再一起跳；失误会拖着搭档掉下去，建议先用带检查点的入门模式。	商店说明可独自或与最多三名朋友连在一起攀登，支持本地与在线合作。		https://store.steampowered.com/app/2567870/	2026-10-06
548430	Deep Rock Galactic	深岩银河	合作射击	1–4 人	在线联机	2	热门游戏	合作	两人选互补职业，一人照明探路、另一人搭平台或清虫；私人房间可开局，但无法同时覆盖四职业工具，高难度更吃分工。	商店明确说明 1–4 players 一起探索洞穴、采矿并击退虫群。		https://store.steampowered.com/app/548430/	2026-10-06
582010	Monster Hunter: World	怪物猎人世界	动作狩猎	1–4 人	在线联机	2	热门游戏	合作	两人用不同武器配合打怪、救援和刷装备，适合长期固定搭档；剧情任务常需各自先看过场，部分特殊活动按多人设计。	商店明确说明可独自或与最多三名其他玩家合作狩猎，双人包含在这一人数范围内。		https://store.steampowered.com/app/582010/	2026-10-06
1446780	MONSTER HUNTER RISE	怪物猎人崛起	动作狩猎	1–4 人（集会所）	在线联机	2	热门游戏	合作	两人用翔虫机动配合控怪和输出，单场狩猎节奏较快；集会所可合作，村庄任务单人，Steam 版不与其他平台互通。	商店说明集会所最多四名玩家，人数变化时动态调整难度，村庄与集会所分开。		https://store.steampowered.com/app/1446780/	2026-10-06
892970	Valheim	英灵神殿	生存建造	1–10 人	在线联机	2	热门游戏	合作	两人分工砍树建家、探索和打首领，可以私人世界从头推进；采集与航海耗时，适合固定时间慢慢玩的长线搭档。	商店明确说明 1–10 players 的合作探索生存游戏。		https://store.steampowered.com/app/892970/	2026-10-06
674940	Stick Fight: The Game	火柴人乱斗	欢乐对抗	2–4 人	在线联机、本地同屏、远程同乐	2	经典补充	对抗	两人在短回合里抢武器、借地形把对方打飞；无需陌生人即可私下对战，多人混战比双人更热闹。	商店明确列出本地或在线 2 to 4 PLAYERS，无单人模式。		https://store.steampowered.com/app/674940/	2026-10-06
1557740	ROUNDS	回合制枪战	欢乐对抗	2 人	在线联机、本地同屏、远程同乐	3	补充	对抗	两人一对一射击，每轮落败者挑强化卡反制对方，边打边组合奇怪武器；适合十几分钟一轮的快速对决。	商店简介明确说明 1v1 的肉鸽射击，回合失败方通过强化卡追赶。		https://store.steampowered.com/app/1557740/	2026-10-06
1943950	Escape the Backrooms	逃离后室	恐怖合作、探索协作	1–4 人	在线联机、语音协作	3	热门游戏	合作	两人贴近行动、轮流认路和报实体位置，一起搜物品与机关；所有队员都要活着到出口，走散时更考验沟通。	商店明确列出 1–4 人合作，并说明所有队员必须活着抵达出口；近距离语音可能被实体听见。	含追逐与惊吓	https://store.steampowered.com/app/1943950/	2026-10-06
1987080	Inside the Backrooms	深入后室	恐怖合作、双人解谜	1–4 人	在线联机	2	热门游戏	合作	两人汇总房间线索、分头找道具，再一起避开实体解机关；可以私下推进，但少一人牵制时搜索和救援更紧张。	商店玩法说明最多四人共同解不同后室关卡谜题，并提供单人玩法。	含追逐与惊吓	https://store.steampowered.com/app/1987080/	2026-10-06
2141730	Backrooms: Escape Together	后室一起逃离	恐怖合作、探索协作	1–6 人	在线联机、语音协作	2	补充	合作	两人用近距离语音报路线和实体动向，在随机布局里找出口；人数少时每人搜查范围更大，适合边认路边慢慢推进。	商店明确列出 1–6 人、可单独或与最多五名朋友游玩程序生成关卡。	含追逐与惊吓	https://store.steampowered.com/app/2141730/	2026-10-06
739630	Phasmophobia	恐鬼症	恐怖合作	1–4 人	在线联机、语音协作	2	热门游戏	合作	两人分配取证设备、互报鬼的反应，轮流进屋和盯监控；建议先选小地图，大地图搬设备和救场负担更重。	官方开发日志明确提及可把大厅人数限制设为双人；当前商店说明最多四人调查。	含惊吓与追逐	https://steamstore-a.akamaihd.net/news/externalpost/steam_community_announcements/4437747060829766788	2026-10-06
1929610	Demonologist	恶魔学家	恐怖合作	1–4 人	在线联机	2	补充	合作	两人分别收集证据和准备驱魔物品，再核对鬼种执行驱魔；少人时装备搬运与遇袭风险更集中，适合能接受强惊吓的搭档。	商店明确说明至少一人、最多四人，识别并驱除诅咒场所的灵体。	含强惊吓	https://store.steampowered.com/app/1929610/	2026-10-06
1274570	DEVOUR	吞噬	恐怖合作	1–4 人	在线联机	2	热门游戏	合作	两人记住祭品和补给位置，一人牵制追逐者、另一人完成仪式；后期速度和压力上升，少人救援容错更低。	商店明确列出 1–4 人合作，仪式推进会让追逐者更危险。	含追逐与血腥	https://store.steampowered.com/app/1274570/	2026-10-06
1562420	FOREWARNED	预先警告	恐怖合作、探索协作	1–4 人	在线联机	2	补充	合作	两人探墓、对照异常现象判断古灵，再商量带宝物撤离；少人时搬运和观察难兼顾，适合一人记录一人搜查。	商店明确列出 1–4 人合作，在程序生成的埃及遗迹中探索与辨识古灵。	含惊吓与追逐	https://store.steampowered.com/app/1562420/	2026-10-06
1302240	Labyrinthine	迷宫探险	恐怖合作、双人解谜	1–8 人	在线联机	2	补充	合作	两人用路标记分岔、汇总机关线索并避开怪物；故事可一起推进，随机大迷宫里双人搜集任务会更慢。	商店明确列出 1–8 人在线合作，包含故事与随机案件两种模式。	含追逐与惊吓	https://store.steampowered.com/app/1302240/	2026-10-06
1966720	Lethal Company	致命公司	恐怖合作、资源搜集	1–4 人	在线联机、语音协作	2	热门游戏	合作	两人配合捡废品和撤离，一人可用飞船终端报路与开门；只剩一人进设施时风险高，配额压力下需要及时一起搜集。	商店抢先体验说明可与最多四人游玩，终端导航与近距离语音是合作机制。	含惊吓与死亡	https://store.steampowered.com/app/1966720/	2026-10-06
2881650	Content Warning	内容警告	恐怖合作、欢乐协作	2–4 人	在线联机、语音协作	2	热门游戏	合作互坑	两人轮流掌镜和出镜，拍怪物与事故后把录像带回地面；只有一名搭档能救援，氧气和电量不足时要一起决定撤离。	商店明确列出 2–4 人在线合作，以录制恐怖遭遇和上传录像为主要循环。	含追逐与惊吓	https://store.steampowered.com/app/2881650/	2026-10-06
3241660	R.E.P.O.	R.E.P.O.废品回收	恐怖合作、物理搬运	1–6 人	在线联机、语音协作	2	热门游戏	合作互坑	两人抬大件、商量转角和落点，尽量别把易碎物砸坏；双人可以跑完整回收循环，但都在搬货时没人专门望风。	商店说明可单独或与最多五名朋友搬运物理物品，支持近距离语音。	含追逐与惊吓	https://store.steampowered.com/app/3241660/	2026-10-06
3527290	PEAK	山峰、攀登巅峰	探索协作、生存闯关	1–4 人	在线联机、语音协作	2	热门游戏	合作互坑	两人分配食物、绳索和体力，互相拉上岩壁或扶起倒地搭档；少一名后援时失误更难救，适合愿意反复爬山的两人。	商店说明单人或组队攀登；开发者在官方讨论区确认人数上限为四人。	含坠落与生存压力	https://steamcommunity.com/app/3527290/discussions/0/592900478058155331/	2026-10-06
1304930	The Outlast Trials	逃生试炼	恐怖合作、潜入协作	1–4 人	在线联机	2	热门游戏	合作	两人一人牵制巡逻者、一人执行任务，互相治疗并规划藏身路线；两人能独立完成试炼，但失误后的救援选择较少。	商店明确允许单人或两、三、四人组成队伍完成试炼。	含强恐怖、酷刑与血腥	https://store.steampowered.com/app/1304930/	2026-10-06
648800	Raft	木筏求生	生存建造、探索协作	1 人起；联机人数随主机性能	在线联机	2	热门游戏	合作	两人分工钩物资、养殖净水、造船和探岛，再一起推进故事；没有陌生人也能玩，资源积累和远航适合长期存档。	商店允许独自或与朋友推进冒险；官方 FAQ 说明联机人数取决于主机和网络，没有固定八人上限。		https://support.redbeetinteractive.com/hc/en-us/articles/360007318112-How-many-players-can-be-in-a-game	2026-10-06
962130	Grounded	禁闭求生	生存建造、探索协作	1–4 人	在线联机、跨平台	2	热门游戏	合作	两人分工采集、建家和挡虫，再一起找实验室推进主线；战斗与跑图需要持续投入，跨平台或共享世界需 Microsoft 账号。	商店明确可单独或与最多三名朋友探索；官方 1.4.5 更新说明跨平台与共享世界的账号要求。	含巨型昆虫与蜘蛛	https://store.steampowered.com/app/962130/	2026-10-06
108600	Project Zomboid	僵尸毁灭工程	生存建造	本地 1–4 人；在线按服务器配置	在线联机、本地分屏、远程同乐	2	经典补充	合作	两人一人望风、一人搜物资，再分担种地、修车和做饭；私人存档可慢慢经营，但角色死亡代价大，版本与模组要一致。	官方发布日志确认四人本地分屏，并可让分屏玩家加入在线合作服务器。	含僵尸、血腥与永久死亡	https://projectzomboid.com/blog/news/2014/11/spiffo-sez-split-screen/	2026-10-06
322330	Don't Starve Together	饥荒联机版	生存建造	1–6 人（默认）	在线联机	2	热门游戏	合作	两人一人探图找资源、一人管食物与营地，换季前一起备战；没有陌生人也能开私人世界，死亡和冬夏生存需要学习。	Steam 商店说明私人游戏可与朋友合作；官方发行支持 FAQ 说明默认服务器最多六人。		https://playdigious.helpshift.com/hc/en/39-don-t-starve-together/faq/786-how-many-players-can-join-a-server/	2026-10-06
105600	Terraria	泰拉瑞亚	生存建造、动作冒险	支持双人；在线人数按服务器配置	在线联机	2	经典补充	合作	两人分工挖矿、建房与制作装备，配合走位挑战首领；邀请制世界可以从头推进，装备和探索跨度大，适合长期搭档。	官方 Wiki 的 Steam 联机指南说明 Host & Play 可设邀请制并邀请一名朋友进入自己的世界。		https://terraria.wiki.gg/wiki/Guide%3ASetting_up_Steam_Multiplayer	2026-10-06
1621690	Core Keeper	地心护核者	生存建造、动作冒险	1–8 人	在线联机	2	热门游戏	合作	两人一人开矿修铁路、一人种地造装备，集合挑战洞穴首领；可完整推进同一世界，地图与自动化经营适合分多晚游玩。	商店明确列出 1–8 人，并说明 2–8 人可随时加入或离开合作世界。		https://store.steampowered.com/app/1621690/	2026-10-06
1203620	Enshrouded	雾锁王国	生存建造、动作冒险	1–16 人	在线联机	2	热门游戏	合作	两人选近战和远程互补，进迷雾找资源后一起扩建基地；人数少时采集与建造更耗时，适合喜欢探索和长期造家的搭档。	商店说明可单独行动，合作模式最多十六人一起战斗、建造与探索。		https://store.steampowered.com/app/1203620/	2026-10-06
1623730	Palworld	幻兽帕鲁	生存建造	房主联机 1–4 人；专服最多 32 人	在线联机	2	热门游戏	合作	两人分工捕捉、探索和安排帕鲁生产，一起打首领扩建基地；私人邀请即可推进，采集与升级需要持续投入。	商店明确房主在线合作最多四人，可邀请朋友冒险；专用服务器最多三十二人。	含战斗与捕捉	https://store.steampowered.com/app/1623730/	2026-10-06
526870	Satisfactory	幸福工厂	经营协作、生存建造	1–4 人（官方支持）	在线联机	2	热门游戏	合作	两人一人勘探矿点、一人铺传送带和电网，再合力改生产线；共享工厂进度，适合愿意沟通布局、慢慢扩建的长期搭档。	官方 Wiki 说明多人合作官方支持四人，可建私人游戏并共享主要设施进度。		https://satisfactory.wiki.gg/wiki/Multiplayer	2026-10-06
427520	Factorio	异星工厂	经营协作、生存建造	支持双人；在线人数按服务器配置	在线联机	2	经典补充	合作	两人分头做采矿物流与防线，汇总产量瓶颈后扩建自动化工厂；私人世界可一起完成火箭目标，学习成本高且常需长时间规划。	官方 Wiki 的多人指南说明可用 Steam 建立私人合作游戏，共同推进自由模式目标。		https://wiki.factorio.com/Multiplayer	2026-10-06
361420	ASTRONEER	异星探险家	生存建造、探索协作	1–4 人	在线联机	2	经典补充	合作	两人一人铺氧气管找资源、一人整地和建基地，再一起出发探索星球；可持续共享世界，远行前要协调氧气和背包空间。	商店明确 2–4 人在线合作，也可单独游玩并允许朋友加入。		https://store.steampowered.com/app/361420/	2026-10-06
413150	Stardew Valley	星露谷物语	经营协作	在线 1–8 人；本地分屏最多 4 人	在线联机、本地分屏、远程同乐	2	热门游戏	合作	两人分工种地、钓鱼和下矿，共享农场规划下一季；适合长期存档，联机时间不停，出门前要对齐当天安排。	当前商店明确可邀请一至七名玩家在线种田；官方 Wiki 说明本地分屏最多四人。	含可选恋爱与结婚支线	https://stardewvalleywiki.com/Multiplayer	2026-10-06
1282100	REMNANT II®	遗迹2	合作射击、动作冒险	1–3 人	在线联机	2	热门游戏	合作	两人选互补职业，一人牵制首领、一人输出和复活，反复探索随机世界刷装备；私人组队可推进主线，首领战更考验配合。	商店明确可以单独或与另外两名朋友共同探索并战斗。		https://store.steampowered.com/app/1282100/	2026-10-06
617290	Remnant: From the Ashes	遗迹灰烬重生	合作射击、动作冒险	1–3 人	在线联机	2	经典补充	合作	两人分配弹药和远近程火力，轮流掩护与救起倒地搭档；可一起打主线并重刷世界，但少人时首领仇恨与补给更集中。	商店说明单人或与最多另外两名玩家合作。		https://store.steampowered.com/app/617290/	2026-10-06
1217060	Gunfire Reborn	枪火重生	合作射击、动作肉鸽	1–4 人	在线联机	2	热门游戏	合作	两人挑互补角色与流派，交换不需要的武器、及时复活对方；一局局解锁成长，少人时清怪和元素组合要更主动协调。	商店明确可以单独游玩或与最多三名朋友合作闯关。		https://store.steampowered.com/app/1217060/	2026-10-06
692890	Roboquest	机械守护者	合作射击、动作肉鸽	1–2 人	在线联机、跨平台	3	补充	合作	两人同步冲刺清怪、搭配武器和技能，再找机会复活搭档；原生合作就是双人，适合喜欢快节奏瞄准和跑图的两人。	商店明确单人或两人合作，并说明支持跨平台双人冒险。		https://store.steampowered.com/app/692890/	2026-10-06
632360	Risk of Rain 2	雨中冒险2	合作射击、动作肉鸽	1–4 人	在线联机	2	热门游戏	合作	两人商量战利品分配和传送器时机，避免一人吃光关键装备；时间越久敌人越强，双人需要一起权衡搜图和推进速度。	商店明确可独自或与最多三名朋友一起战斗并逃离星球。		https://store.steampowered.com/app/632360/	2026-10-06
49520	Borderlands 2	无主之地2	合作射击、剧情合作	1–4 人	在线联机	2	经典补充	合作	两人挑互补职业、分配战利品和救援倒地队友，一起做任务刷装备；剧情较长，建议固定角色等级与进度再持续推进。	商店明确支持四人在线或局域网合作，也可单人推进冒险。	含暴力与粗俗幽默	https://store.steampowered.com/app/49520/	2026-10-06
1286680	Tiny Tina's Wonderlands	小缇娜的奇幻之地	合作射击、动作冒险	1–4 人	在线联机、跨平台	2	补充	合作	两人用枪械、魔法和职业组合互补，边推进桌游风格主线边刷装备；单局不是短派对，适合约好进度分几晚玩。	商店明确可单独或与最多三名朋友组队，另说明支持跨平台好友联机。	含暴力与粗俗幽默	https://store.steampowered.com/app/1286680/	2026-10-06
553850	HELLDIVERS™ 2	绝地潜兵2	合作射击	1–4 人	在线联机	2	热门游戏	合作	两人分配反甲和清杂装备，轮流掩护呼叫支援与撤离；可私下执行任务，但高难度更缺火力和救援，友军误伤要先报点。	PlayStation 官方支持说明可与最多三名朋友组队、最多四人在线作战。	含血腥与友军误伤	https://www.playstation.com/en-ca/support/games/helldivers-2-support/	2026-10-06
493520	GTFO	GTFO	合作射击、恐怖合作	4 人队伍；双人可加 2 名机器人	在线联机	1	补充	合作	两人可以带机器人补齐小队，分配扫描、资源和潜行清怪任务；关卡按四人协作设计，机器人难代替真人沟通，双人压力很大。	商店明确说明少一或两名玩家时机器人可填补队伍，双人需要机器人补位获得完整小队。	含强恐怖与血腥	https://store.steampowered.com/app/493520/	2026-10-06
1144200	Ready or Not	严阵以待	合作射击、潜入协作	1–5 人	在线联机、跨平台	2	热门游戏	合作	两人先报门位、视角和嫌疑人情况，再交替开门与掩护；小队少时多个入口难同时控制，适合愿意慢速沟通的固定搭档。	商店玩法说明支持最多五人跨平台合作，同时提供单人模式。	含写实暴力与沉重案件	https://store.steampowered.com/app/1144200/	2026-10-06
1522820	Orcs Must Die! 3	兽人必须死3	合作塔防、动作冒险	1–2 人	在线联机	3	补充	合作	两人分工布陷阱与堵漏，分别看守不同路线再应急换岗；双人可以完整推进战役，适合反复优化陷阱组合和冲分。	商店明确可以独自或两人合作，围绕陷阱与武器抵御兽人。		https://store.steampowered.com/app/1522820/	2026-10-06
201790	Orcs Must Die! 2	兽人必须死2	合作塔防、动作冒险	1–2 人	在线联机	3	经典补充	合作	两人分别带擅长的陷阱和武器，卡住路口并互相补火力；合作战役可一起推进，适合讨论路线后再试一遍拿高分。	商店明确允许单人或与一名朋友合作，战役围绕两位角色展开。		https://store.steampowered.com/app/201790/	2026-10-06
35720	Trine 2: Complete Story	三位一体2	平台闯关、双人解谜	1–3 人	在线联机、本地同屏、远程同乐	3	经典补充	合作	两人切换法师、战士和盗贼，配合造箱、挂绳和挡危险；不需要第三人，全战役支持自由切角色解决物理谜题。	商店明确全战役均支持 1–3 人本地或在线合作，角色可自由切换。		https://store.steampowered.com/app/35720/	2026-10-06
690640	Trine 4: The Nightmare Prince	三位一体4	平台闯关、双人解谜	1–4 人	在线联机、本地同屏、远程同乐	3	补充	合作	两人配合改变水流、磁力和光线，用各角色能力搭出通路；谜题会按人数调整，适合边观察机关边讨论解法。	商店明确全战役支持 1–4 人本地或在线合作，挑战适应玩家人数。		https://store.steampowered.com/app/690640/	2026-10-06
1436700	Trine 5: A Clockwork Conspiracy	三位一体5	平台闯关、双人解谜	1–4 人	在线联机、本地同屏、远程同乐	3	补充	合作	两人组合角色能力过机关，打首领时轮流控场与输出；谜题和战斗会按人数调整，可以完整双人推进童话冒险。	商店明确 1–4 人，在线及本地合作的谜题与战斗难度都会适应人数。		https://store.steampowered.com/app/1436700/	2026-10-06
477160	Human Fall Flat	人类一败涂地	物理闯关、双人解谜	在线 1–8 人；支持本地分屏	在线联机、本地分屏、远程同乐	3	热门游戏	合作互坑	两人一个抓住机关、另一个爬过去，再把搭档拉上来；双人就能解物理关卡，也容易一起失手掉落，适合边试边笑的节奏。	商店明确可单独或最多八人在线合作解物理关卡，提供本地分屏合作。		https://store.steampowered.com/app/477160/	2026-10-06
386940	Ultimate Chicken Horse	超级鸡马	欢乐对抗、平台闯关	2–4 人（对战）	在线联机、本地同屏、远程同乐、跨平台	2	热门游戏	对抗	两人轮流放平台与陷阱，再各自尝试跑到终点；无需补人即可对战，但多人摆机关时地图变化更混乱。	商店明确最多四人本地、在线及跨平台游玩，主要玩法是好友建关后竞争通关。		https://store.steampowered.com/app/386940/	2026-10-06
312530	Duck Game	鸭子游戏	欢乐对抗	2–8 人；另可 4 人观战	在线联机、本地同屏、远程同乐	2	经典补充	对抗	两人一对一抢武器、利用地形速战速决，一轮结束马上再来；私人双人即可开打，更多人时突发混战更丰富。	当前商店明确本地或在线支持 2–8 名玩家，另可四人观战。		https://store.steampowered.com/app/312530/	2026-10-06
880940	Pummel Party	揍击派对	欢乐对抗	1–8 人；建议 4–8 人	在线联机、本地同屏、远程同乐	1	热门游戏	对抗	两人可加 AI 玩棋盘和小游戏，用道具互相妨碍；主要设计偏四至八人派对，双人时建议补机器人，互动不如多人密集。	商店简介推荐 4–8 人，详细说明允许 1–8 人与朋友或 AI 竞争。		https://store.steampowered.com/app/880940/	2026-10-06
431240	Golf With Your Friends	和朋友打高尔夫	欢乐对抗	1–12 人	在线联机、本地同屏、远程同乐	2	补充	对抗	两人比杆数、练反弹路线，可选碰撞规则互相挡球；在线各自击球，本地是轮流操作同一设备，不能当作同时分屏打球。	商店明确十二人以内；发行商说明可在线游玩或本地 hotseat 轮流击球。		https://www.reddit.com/r/NintendoSwitch/comments/gm2rm5/	2026-10-06
1016920	Unrailed!	一起开火车	欢乐协作、经营协作	1–4 人（合作）	在线联机、本地同屏、远程同乐	2	热门游戏	合作	两人一人砍树挖矿、一人铺轨补水，火车提速后随时换岗；无需补人可玩合作模式，双人每人兼顾的任务更多。	商店明确合作、无尽与快速模式最多四人，另有四人才用的 2v2 对抗模式。		https://store.steampowered.com/app/1016920/	2026-10-06
996770	Moving Out	胡闹搬家	欢乐协作、物理搬运	1–4 人	本地同屏、远程同乐	3	补充	合作互坑	两人各抬家具一端，数拍转弯或一起把沙发扔过窗；可完整合作搬家，但没有原生在线，异地需要远程同乐。	商店明确故事可独自或最多四人本地合作，提供 Steam 远程同乐。		https://store.steampowered.com/app/996770/	2026-10-06
1641700	Moving Out 2	胡闹搬家2	欢乐协作、物理搬运	1–4 人	在线联机、本地同屏、远程同乐、跨平台	3	补充	合作互坑	两人协调抬重物、跨障碍和投掷时机，一起完成跨世界搬家任务；原生在线可跨平台，适合短关卡反复挑战效率。	商店明确单人或最多三名朋友合作，并提供本地与跨平台在线合作。		https://store.steampowered.com/app/1641700/	2026-10-06
1004490	Tools Up!	装修大师	欢乐协作、经营协作	1–4 人	本地同屏、远程同乐	2	补充	合作	两人分工搬材料、刷墙和铺地板，互相报剩余工序再收拾残局；人数少时需频繁换岗，无原生在线，异地用远程同乐。	发行商官方游戏页明确最多四人本地合作装修；商店同时提供单人及远程同乐。		https://www.allingames.com/game/tools-up/	2026-10-06
268910	Cuphead	茶杯头	动作闯关	1–2 人	本地同屏、远程同乐	3	热门游戏	合作	两人一起躲弹幕、输出首领，搭档倒下时抓机会跳跃救起；全程很吃操作与耐心，没有原生在线，异地用远程同乐。	商店说明本地合作由 Cuphead 和 Mugman 两个角色共同闯关。		https://store.steampowered.com/app/268910/	2026-10-06
204360	Castle Crashers®	城堡破坏者	动作闯关	1–4 人	在线联机、本地同屏、远程同乐	2	经典补充	合作	两人接力控怪、分配武器和药水，一起打横版关卡练角色；双人能推进战役，但多人围殴和救场更轻松。	商店明确最多四名朋友本地或在线合作，也提供单人模式。	含卡通暴力	https://store.steampowered.com/app/204360/	2026-10-06
985890	Streets of Rage 4	怒之铁拳4	动作闯关	在线 1–2 人；本地 1–4 人	在线联机、本地同屏、远程同乐	3	经典补充	合作	两人一前一后控住人群、接力打连段，再互相挡住侧面的敌人；原生在线最多两人，双人完整闯关与反复练招都合适。	发行商官方 Press Kit 明确两人在线合作、最多四人本地合作。		https://www.dotemu.com/PressKit/project/Games/Streets%20of%20Rage%204	2026-10-06
1361510	Teenage Mutant Ninja Turtles: Shredder's Revenge	忍者神龟施莱德的复仇	动作闯关	1–6 人	在线联机、本地同屏、远程同乐	2	补充	合作	两人选不同攻击范围的角色夹击敌群、救起倒地队友；可以一起走完整故事，最多六人时更热闹，双人更容易看清连招。	商店说明可单独或最多六人同时闯关，支持本地及在线合作。		https://store.steampowered.com/app/1361510/	2026-10-06
972660	Spiritfarer®: Farewell Edition	灵魂旅人	经营协作、剧情合作	1–2 人	本地同屏、远程同乐	2	补充	非对称合作	一人掌舵和推进剧情，一人当猫协助种地、做饭与采集；完整冒险能一起玩，但第二人偏辅助，不能主导多数对话和决定。	商店明确两人合作由第二人控制 Daffodil，提供本地合作与远程同乐。	涉及死亡与告别	https://store.steampowered.com/app/972660/	2026-10-06
837470	Untitled Goose Game	捣蛋鹅	欢乐协作、潜入协作	1–2 人	本地同屏、远程同乐	3	热门游戏	合作互坑	两只鹅一个吸引村民、一个偷东西或完成任务，也能一起把场面搅乱；整个原版游戏都能双人，本地或远程同乐共享一份。	商店明确全游戏可用新的两人合作模式游玩，两人同时控制两只鹅。		https://store.steampowered.com/app/837470/	2026-10-06
95400	ibb & obb	艾波与欧波	双人解谜、平台闯关	2 人（合作）	在线联机、本地同屏、远程同乐	3	经典补充	合作	两人利用上下相反的重力踩机关、传递位置并同步越过障碍；关卡专为双人协作设计，需要反复对齐起跳时机。	商店明确是 two player cooperative game，重力朝上下两个方向作用。		https://store.steampowered.com/app/95400/	2026-10-06
1982340	Blanc	白色之旅	双人解谜、探索协作	2 人	在线联机、本地同屏	3	补充	合作	两人分别操控狼崽和小鹿，用不同体型与能力互相搭路找家人；流程温和而短，适合一两晚连续完成的安静合作。	商店明确由两名玩家分别控制狼崽或小鹿，支持本地及在线合作。		https://store.steampowered.com/app/1982340/	2026-10-06
944080	Pode	Pode石头与星星	双人解谜、探索协作	1–2 人	本地同屏、远程同乐	3	补充	合作	两人分别控制石头和星星，组合发光、搬运和地形能力解谜；节奏慢且重观察，双人至少需要一个手柄，异地用远程同乐。	商店说明可单人切换两角色或合作组合双方能力，并注明合作至少一个手柄。		https://store.steampowered.com/app/944080/	2026-10-06
850320	PHOGS!	狗狗	双人解谜、物理闯关	1–2 人	在线联机、本地同屏、远程同乐	3	补充	合作互坑	两人分别操控连体狗的一端，商量谁咬住锚点、谁伸长身体取物；可同设备共用控制器或原生在线，失误容易把搭档一起拖走。	商店说明由一对相连的狗头解谜，提供单人、共享控制器、本地与在线合作。		https://store.steampowered.com/app/850320/	2026-10-06
1509960	PICO PARK	PICO PARK猫猫闯关	欢乐协作、双人解谜	2–8 人	在线联机、本地同屏	3	热门游戏	合作互坑	两人叠高、递钥匙和轮流踩机关，商量好动作就能一起过关；最低两人即可玩，不需要凑八人，多人只是更混乱。	商店明确本地及在线合作为 2–8 人，关卡需要所有玩家一起抵达出口。		https://store.steampowered.com/app/1509960/	2026-10-06
2644470	PICO PARK 2	PICO PARK2猫猫闯关2	欢乐协作、双人解谜	2–8 人	在线联机、本地同屏、远程同乐、跨平台	3	补充	合作互坑	两人配合叠高、搬钥匙和控制机关，在新关卡里同步动作；所有关卡都适应两至八人，双人可以完整推进而不必补人。	商店明确 2–8 人、所有关卡可用任意支持人数游玩，并说明跨平台联机。		https://store.steampowered.com/app/2644470/	2026-10-06
1435790	Escape Simulator	密室逃脱模拟器	双人解谜	1 人起；官方关卡建议 2–3 人	在线联机	3	热门游戏	合作	两人分头翻抽屉和看密码，再把发现的线索拼起来解锁机关；官方房间适合少人专注解谜，创意工坊房间需另看人数要求。	商店说明所有房间支持在线合作，内置房间建议最多三人，也允许更多玩家。		https://store.steampowered.com/app/1435790/	2026-10-06
2879840	Escape Simulator 2	密室逃脱模拟器2	双人解谜	1–8 人	在线联机、语音协作	3	补充	合作	两人各查一片房间，用内置语音核对线索和机关效果；可完整合作解官方密室，少人时更容易跟上谜题推理过程。	商店明确可单人或最多八人在线合作，内置语音和文字聊天。		https://store.steampowered.com/app/2879840/	2026-10-06
2098350	Escape Memoirs: Mini Stories	逃脱回忆迷你故事	双人解谜	1–5 人	在线联机	3	补充	合作	两人一起搜小密室、对照密码与机关，在短篇场景里分工推理；本体免费，不必补人，适合先试一晚是否喜欢解谜。	商店明确 1–5 人合作密室解谜，可独自或与朋友推进。		https://store.steampowered.com/app/2098350/	2026-10-06
1071870	Biped	只只大冒险	平台闯关、双人解谜	1–2 人	在线联机、本地同屏、远程同乐	3	补充	合作	两人各控制机器人的两只脚，数拍过桥、拉住搭档并踩机关；合作重点就是两人的步伐与平衡，完整双人关卡可以一起推进。	商店明确重点是两人合作，也可独自游玩，支持本地与在线双人配合。		https://store.steampowered.com/app/1071870/	2026-10-06
673750	Super Bunny Man	超级兔子人	物理闯关、欢乐协作	支持双人故事；派对最多 4 人	在线联机、本地同屏、远程同乐	3	热门游戏	合作互坑	两人抱住搭档、翻滚起跳把对方送过陷阱，也容易一起滚下悬崖；故事明确支持双人，适合反复试动作和找隐藏胡萝卜。	商店故事说明可独自或与一名朋友本地或在线闯关；派对模式最多四人。		https://store.steampowered.com/app/673750/	2026-10-06
